Found local copy...
Found local copy...
Found local copy...
These perturbations are not in the GO graph and their perturbation can thus not be predicted
['C7orf26+ctrl' 'C14orf178+ctrl' 'RPS10-NUDT3+ctrl' 'SEM1+ctrl' 'FAU+ctrl']
Local copy of pyg dataset is detected. Loading...
Done!
Local copy of split is detected. Loading...
Simulation split test composition:
combo_seen0:0
combo_seen1:0
combo_seen2:0
unseen_single:272
Done!
Creating dataloaders....
Done!
Found local GO graph CSV...
Start Training...
Epoch 1 Step 1 Train Loss: 0.6269
Epoch 1 Step 51 Train Loss: 0.6422
Epoch 1 Step 101 Train Loss: 0.5647
Epoch 1 Step 151 Train Loss: 0.6939
Epoch 1 Step 201 Train Loss: 0.5906
Epoch 1 Step 251 Train Loss: 0.5625
Epoch 1 Step 301 Train Loss: 0.5721
Epoch 1 Step 351 Train Loss: 0.5928
Epoch 1 Step 401 Train Loss: 0.5993
Epoch 1 Step 451 Train Loss: 0.6240
Epoch 1 Step 501 Train Loss: 0.6443
Epoch 1 Step 551 Train Loss: 0.6214
Epoch 1 Step 601 Train Loss: 0.6398
Epoch 1 Step 651 Train Loss: 0.5491
Epoch 1 Step 701 Train Loss: 0.5181
Epoch 1 Step 751 Train Loss: 0.5403
Epoch 1 Step 801 Train Loss: 0.6100
Epoch 1 Step 851 Train Loss: 0.5892
Epoch 1 Step 901 Train Loss: 0.6372
Epoch 1 Step 951 Train Loss: 0.6117
Epoch 1 Step 1001 Train Loss: 0.5435
Epoch 1 Step 1051 Train Loss: 0.5948
Epoch 1 Step 1101 Train Loss: 0.5795
Epoch 1 Step 1151 Train Loss: 0.5497
Epoch 1 Step 1201 Train Loss: 0.5067
Epoch 1 Step 1251 Train Loss: 0.5362
Epoch 1 Step 1301 Train Loss: 0.5465
Epoch 1 Step 1351 Train Loss: 0.5679
Epoch 1 Step 1401 Train Loss: 0.6432
Epoch 1 Step 1451 Train Loss: 0.6790
Epoch 1 Step 1501 Train Loss: 0.5317
Epoch 1 Step 1551 Train Loss: 0.5844
Epoch 1 Step 1601 Train Loss: 0.5664
Epoch 1 Step 1651 Train Loss: 0.5866
Epoch 1 Step 1701 Train Loss: 0.5932
Epoch 1 Step 1751 Train Loss: 0.5804
Epoch 1 Step 1801 Train Loss: 0.5496
Epoch 1 Step 1851 Train Loss: 0.6521
Epoch 1 Step 1901 Train Loss: 0.6285
Epoch 1 Step 1951 Train Loss: 0.5669
Epoch 1 Step 2001 Train Loss: 0.6129
Epoch 1 Step 2051 Train Loss: 0.5757
Epoch 1 Step 2101 Train Loss: 0.5614
Epoch 1 Step 2151 Train Loss: 0.6152
Epoch 1 Step 2201 Train Loss: 0.6105
Epoch 1 Step 2251 Train Loss: 0.5705
Epoch 1 Step 2301 Train Loss: 0.5800
Epoch 1 Step 2351 Train Loss: 0.5290
Epoch 1 Step 2401 Train Loss: 0.5992
Epoch 1 Step 2451 Train Loss: 0.6116
Epoch 1 Step 2501 Train Loss: 0.6231
Epoch 1 Step 2551 Train Loss: 0.5382
Epoch 1 Step 2601 Train Loss: 0.5851
Epoch 1 Step 2651 Train Loss: 0.6232
Epoch 1 Step 2701 Train Loss: 0.5601
Epoch 1 Step 2751 Train Loss: 0.5624
Epoch 1 Step 2801 Train Loss: 0.5469
Epoch 1 Step 2851 Train Loss: 0.5958
Epoch 1 Step 2901 Train Loss: 0.5699
Epoch 1 Step 2951 Train Loss: 0.6275
Epoch 1 Step 3001 Train Loss: 0.5831
Epoch 1 Step 3051 Train Loss: 0.5241
Epoch 1 Step 3101 Train Loss: 0.5065
Epoch 1 Step 3151 Train Loss: 0.6143
Epoch 1 Step 3201 Train Loss: 0.5982
Epoch 1 Step 3251 Train Loss: 0.5943
Epoch 1 Step 3301 Train Loss: 0.5977
Epoch 1 Step 3351 Train Loss: 0.5331
Epoch 1 Step 3401 Train Loss: 0.6032
Epoch 1 Step 3451 Train Loss: 0.5079
Epoch 1 Step 3501 Train Loss: 0.6275
Epoch 1: Train Overall MSE: 0.0078 Validation Overall MSE: 0.0088. 
Train Top 20 DE MSE: 0.1093 Validation Top 20 DE MSE: 0.1467. 
Epoch 2 Step 1 Train Loss: 0.5794
Epoch 2 Step 51 Train Loss: 0.5129
Epoch 2 Step 101 Train Loss: 0.5579
Epoch 2 Step 151 Train Loss: 0.5573
Epoch 2 Step 201 Train Loss: 0.5286
Epoch 2 Step 251 Train Loss: 0.5738
Epoch 2 Step 301 Train Loss: 0.5721
Epoch 2 Step 351 Train Loss: 0.6781
Epoch 2 Step 401 Train Loss: 0.5627
Epoch 2 Step 451 Train Loss: 0.5385
Epoch 2 Step 501 Train Loss: 0.5880
Epoch 2 Step 551 Train Loss: 0.6130
Epoch 2 Step 601 Train Loss: 0.5586
Epoch 2 Step 651 Train Loss: 0.7083
Epoch 2 Step 701 Train Loss: 0.6741
Epoch 2 Step 751 Train Loss: 0.8375
Epoch 2 Step 801 Train Loss: 0.5408
Epoch 2 Step 851 Train Loss: 0.5824
Epoch 2 Step 901 Train Loss: 0.5118
Epoch 2 Step 951 Train Loss: 0.5915
Epoch 2 Step 1001 Train Loss: 0.5572
Epoch 2 Step 1051 Train Loss: 0.6009
Epoch 2 Step 1101 Train Loss: 0.6408
Epoch 2 Step 1151 Train Loss: 0.6183
Epoch 2 Step 1201 Train Loss: 0.6021
Epoch 2 Step 1251 Train Loss: 0.5591
Epoch 2 Step 1301 Train Loss: 0.5545
Epoch 2 Step 1351 Train Loss: 0.6293
Epoch 2 Step 1401 Train Loss: 0.5550
Epoch 2 Step 1451 Train Loss: 0.5713
Epoch 2 Step 1501 Train Loss: 0.5246
Epoch 2 Step 1551 Train Loss: 0.5727
Epoch 2 Step 1601 Train Loss: 0.6307
Epoch 2 Step 1651 Train Loss: 0.5303
Epoch 2 Step 1701 Train Loss: 0.5056
Epoch 2 Step 1751 Train Loss: 0.5569
Epoch 2 Step 1801 Train Loss: 0.5491
Epoch 2 Step 1851 Train Loss: 0.5458
Epoch 2 Step 1901 Train Loss: 0.6087
Epoch 2 Step 1951 Train Loss: 0.5751
Epoch 2 Step 2001 Train Loss: 0.6082
Epoch 2 Step 2051 Train Loss: 0.6178
Epoch 2 Step 2101 Train Loss: 0.5858
Epoch 2 Step 2151 Train Loss: 0.5637
Epoch 2 Step 2201 Train Loss: 0.5269
Epoch 2 Step 2251 Train Loss: 0.5804
Epoch 2 Step 2301 Train Loss: 0.5628
Epoch 2 Step 2351 Train Loss: 0.5002
Epoch 2 Step 2401 Train Loss: 0.6085
Epoch 2 Step 2451 Train Loss: 0.5692
Epoch 2 Step 2501 Train Loss: 0.5613
Epoch 2 Step 2551 Train Loss: 0.5669
Epoch 2 Step 2601 Train Loss: 0.5506
Epoch 2 Step 2651 Train Loss: 0.6418
Epoch 2 Step 2701 Train Loss: 0.6022
Epoch 2 Step 2751 Train Loss: 0.6130
Epoch 2 Step 2801 Train Loss: 0.5867
Epoch 2 Step 2851 Train Loss: 0.5650
Epoch 2 Step 2901 Train Loss: 0.6200
Epoch 2 Step 2951 Train Loss: 0.5082
Epoch 2 Step 3001 Train Loss: 0.6146
Epoch 2 Step 3051 Train Loss: 0.5905
Epoch 2 Step 3101 Train Loss: 0.5410
Epoch 2 Step 3151 Train Loss: 0.6141
Epoch 2 Step 3201 Train Loss: 0.6093
Epoch 2 Step 3251 Train Loss: 0.5837
Epoch 2 Step 3301 Train Loss: 0.5587
Epoch 2 Step 3351 Train Loss: 0.5222
Epoch 2 Step 3401 Train Loss: 0.6048
Epoch 2 Step 3451 Train Loss: 0.6118
Epoch 2 Step 3501 Train Loss: 0.5371
Epoch 2: Train Overall MSE: 0.0073 Validation Overall MSE: 0.0087. 
Train Top 20 DE MSE: 0.0900 Validation Top 20 DE MSE: 0.1495. 
Epoch 3 Step 1 Train Loss: 0.5498
Epoch 3 Step 51 Train Loss: 0.5921
Epoch 3 Step 101 Train Loss: 0.5343
Epoch 3 Step 151 Train Loss: 0.5848
Epoch 3 Step 201 Train Loss: 0.6295
Epoch 3 Step 251 Train Loss: 0.6247
Epoch 3 Step 301 Train Loss: 0.5938
Epoch 3 Step 351 Train Loss: 0.4977
Epoch 3 Step 401 Train Loss: 0.5169
Epoch 3 Step 451 Train Loss: 0.5577
Epoch 3 Step 501 Train Loss: 0.5119
Epoch 3 Step 551 Train Loss: 0.5654
Epoch 3 Step 601 Train Loss: 0.5704
Epoch 3 Step 651 Train Loss: 0.5468
Epoch 3 Step 701 Train Loss: 0.5453
Epoch 3 Step 751 Train Loss: 0.6152
Epoch 3 Step 801 Train Loss: 0.6528
Epoch 3 Step 851 Train Loss: 0.6545
Epoch 3 Step 901 Train Loss: 0.5980
Epoch 3 Step 951 Train Loss: 0.6351
Epoch 3 Step 1001 Train Loss: 0.5762
Epoch 3 Step 1051 Train Loss: 0.6429
Epoch 3 Step 1101 Train Loss: 0.6099
Epoch 3 Step 1151 Train Loss: 0.5968
Epoch 3 Step 1201 Train Loss: 0.6052
Epoch 3 Step 1251 Train Loss: 0.5657
Epoch 3 Step 1301 Train Loss: 0.5651
Epoch 3 Step 1351 Train Loss: 0.5662
Epoch 3 Step 1401 Train Loss: 0.5713
Epoch 3 Step 1451 Train Loss: 0.5451
Epoch 3 Step 1501 Train Loss: 0.5499
Epoch 3 Step 1551 Train Loss: 0.5337
Epoch 3 Step 1601 Train Loss: 0.5890
Epoch 3 Step 1651 Train Loss: 0.5619
Epoch 3 Step 1701 Train Loss: 0.6267
Epoch 3 Step 1751 Train Loss: 0.5335
Epoch 3 Step 1801 Train Loss: 0.6658
Epoch 3 Step 1851 Train Loss: 0.6344
Epoch 3 Step 1901 Train Loss: 0.5306
Epoch 3 Step 1951 Train Loss: 0.5873
Epoch 3 Step 2001 Train Loss: 0.5653
Epoch 3 Step 2051 Train Loss: 0.5533
Epoch 3 Step 2101 Train Loss: 0.6112
Epoch 3 Step 2151 Train Loss: 0.6056
Epoch 3 Step 2201 Train Loss: 0.5929
Epoch 3 Step 2251 Train Loss: 0.5476
Epoch 3 Step 2301 Train Loss: 0.6014
Epoch 3 Step 2351 Train Loss: 0.5350
Epoch 3 Step 2401 Train Loss: 0.5688
Epoch 3 Step 2451 Train Loss: 0.6371
Epoch 3 Step 2501 Train Loss: 0.5631
Epoch 3 Step 2551 Train Loss: 0.6211
Epoch 3 Step 2601 Train Loss: 0.6797
Epoch 3 Step 2651 Train Loss: 0.6412
Epoch 3 Step 2701 Train Loss: 0.5983
Epoch 3 Step 2751 Train Loss: 0.5463
Epoch 3 Step 2801 Train Loss: 0.5601
Epoch 3 Step 2851 Train Loss: 0.6029
Epoch 3 Step 2901 Train Loss: 0.4994
Epoch 3 Step 2951 Train Loss: 0.5634
Epoch 3 Step 3001 Train Loss: 0.5872
Epoch 3 Step 3051 Train Loss: 0.5591
Epoch 3 Step 3101 Train Loss: 0.6404
Epoch 3 Step 3151 Train Loss: 0.5242
Epoch 3 Step 3201 Train Loss: 0.5807
Epoch 3 Step 3251 Train Loss: 0.5624
Epoch 3 Step 3301 Train Loss: 0.4953
Epoch 3 Step 3351 Train Loss: 0.6110
Epoch 3 Step 3401 Train Loss: 0.6071
Epoch 3 Step 3451 Train Loss: 0.5699
Epoch 3 Step 3501 Train Loss: 0.5646
Epoch 3: Train Overall MSE: 0.0067 Validation Overall MSE: 0.0083. 
Train Top 20 DE MSE: 0.0777 Validation Top 20 DE MSE: 0.1433. 
Epoch 4 Step 1 Train Loss: 0.5738
Epoch 4 Step 51 Train Loss: 0.6595
Epoch 4 Step 101 Train Loss: 0.6306
Epoch 4 Step 151 Train Loss: 0.6302
Epoch 4 Step 201 Train Loss: 0.5648
Epoch 4 Step 251 Train Loss: 0.5711
Epoch 4 Step 301 Train Loss: 0.6093
Epoch 4 Step 351 Train Loss: 0.5489
Epoch 4 Step 401 Train Loss: 0.5207
Epoch 4 Step 451 Train Loss: 0.5671
Epoch 4 Step 501 Train Loss: 0.5002
Epoch 4 Step 551 Train Loss: 0.6062
Epoch 4 Step 601 Train Loss: 0.5761
Epoch 4 Step 651 Train Loss: 0.6442
Epoch 4 Step 701 Train Loss: 0.5838
Epoch 4 Step 751 Train Loss: 0.5942
Epoch 4 Step 801 Train Loss: 0.5938
Epoch 4 Step 851 Train Loss: 0.6052
Epoch 4 Step 901 Train Loss: 0.5470
Epoch 4 Step 951 Train Loss: 0.6188
Epoch 4 Step 1001 Train Loss: 0.6128
Epoch 4 Step 1051 Train Loss: 0.6246
Epoch 4 Step 1101 Train Loss: 0.5555
Epoch 4 Step 1151 Train Loss: 0.6923
Epoch 4 Step 1201 Train Loss: 0.5428
Epoch 4 Step 1251 Train Loss: 0.6543
Epoch 4 Step 1301 Train Loss: 0.5958
Epoch 4 Step 1351 Train Loss: 0.5968
Epoch 4 Step 1401 Train Loss: 0.5859
Epoch 4 Step 1451 Train Loss: 0.5596
Epoch 4 Step 1501 Train Loss: 0.5650
Epoch 4 Step 1551 Train Loss: 0.5207
Epoch 4 Step 1601 Train Loss: 0.6248
Epoch 4 Step 1651 Train Loss: 0.6326
Epoch 4 Step 1701 Train Loss: 0.5676
Epoch 4 Step 1751 Train Loss: 0.5823
Epoch 4 Step 1801 Train Loss: 0.6392
Epoch 4 Step 1851 Train Loss: 0.6202
Epoch 4 Step 1901 Train Loss: 0.5852
Epoch 4 Step 1951 Train Loss: 0.6271
Epoch 4 Step 2001 Train Loss: 0.6284
Epoch 4 Step 2051 Train Loss: 0.5371
Epoch 4 Step 2101 Train Loss: 0.5872
Epoch 4 Step 2151 Train Loss: 0.6655
Epoch 4 Step 2201 Train Loss: 0.5595
Epoch 4 Step 2251 Train Loss: 0.5755
Epoch 4 Step 2301 Train Loss: 0.6105
Epoch 4 Step 2351 Train Loss: 0.5339
Epoch 4 Step 2401 Train Loss: 0.5870
Epoch 4 Step 2451 Train Loss: 0.5737
Epoch 4 Step 2501 Train Loss: 0.5437
Epoch 4 Step 2551 Train Loss: 0.6255
Epoch 4 Step 2601 Train Loss: 0.5931
Epoch 4 Step 2651 Train Loss: 0.5418
Epoch 4 Step 2701 Train Loss: 0.5651
Epoch 4 Step 2751 Train Loss: 0.5008
Epoch 4 Step 2801 Train Loss: 0.5516
Epoch 4 Step 2851 Train Loss: 0.5202
Epoch 4 Step 2901 Train Loss: 0.6075
Epoch 4 Step 2951 Train Loss: 0.6052
Epoch 4 Step 3001 Train Loss: 0.5809
Epoch 4 Step 3051 Train Loss: 0.5762
Epoch 4 Step 3101 Train Loss: 0.5340
Epoch 4 Step 3151 Train Loss: 0.5423
Epoch 4 Step 3201 Train Loss: 0.5146
Epoch 4 Step 3251 Train Loss: 0.6160
Epoch 4 Step 3301 Train Loss: 0.6130
Epoch 4 Step 3351 Train Loss: 0.5655
Epoch 4 Step 3401 Train Loss: 0.5944
Epoch 4 Step 3451 Train Loss: 0.6241
Epoch 4 Step 3501 Train Loss: 0.6119
Epoch 4: Train Overall MSE: 0.0065 Validation Overall MSE: 0.0084. 
Train Top 20 DE MSE: 0.0731 Validation Top 20 DE MSE: 0.1423. 
Epoch 5 Step 1 Train Loss: 0.6275
Epoch 5 Step 51 Train Loss: 0.6644
Epoch 5 Step 101 Train Loss: 0.5370
Epoch 5 Step 151 Train Loss: 0.5458
Epoch 5 Step 201 Train Loss: 0.5830
Epoch 5 Step 251 Train Loss: 0.5938
Epoch 5 Step 301 Train Loss: 0.5882
Epoch 5 Step 351 Train Loss: 0.5397
Epoch 5 Step 401 Train Loss: 0.5616
Epoch 5 Step 451 Train Loss: 0.5319
Epoch 5 Step 501 Train Loss: 0.6205
Epoch 5 Step 551 Train Loss: 0.6581
Epoch 5 Step 601 Train Loss: 0.6195
Epoch 5 Step 651 Train Loss: 0.6709
Epoch 5 Step 701 Train Loss: 0.6572
Epoch 5 Step 751 Train Loss: 0.5419
Epoch 5 Step 801 Train Loss: 0.5246
Epoch 5 Step 851 Train Loss: 0.5904
Epoch 5 Step 901 Train Loss: 0.6061
Epoch 5 Step 951 Train Loss: 0.5339
Epoch 5 Step 1001 Train Loss: 0.5550
Epoch 5 Step 1051 Train Loss: 0.5813
Epoch 5 Step 1101 Train Loss: 0.5997
Epoch 5 Step 1151 Train Loss: 0.6015
Epoch 5 Step 1201 Train Loss: 0.6023
Epoch 5 Step 1251 Train Loss: 0.5422
Epoch 5 Step 1301 Train Loss: 0.5229
Epoch 5 Step 1351 Train Loss: 0.5070
Epoch 5 Step 1401 Train Loss: 0.5651
Epoch 5 Step 1451 Train Loss: 0.6001
Epoch 5 Step 1501 Train Loss: 0.5730
Epoch 5 Step 1551 Train Loss: 0.5414
Epoch 5 Step 1601 Train Loss: 0.5516
Epoch 5 Step 1651 Train Loss: 0.5277
Epoch 5 Step 1701 Train Loss: 0.5520
Epoch 5 Step 1751 Train Loss: 0.6044
Epoch 5 Step 1801 Train Loss: 0.6104
Epoch 5 Step 1851 Train Loss: 0.5768
Epoch 5 Step 1901 Train Loss: 0.5645
Epoch 5 Step 1951 Train Loss: 0.5381
Epoch 5 Step 2001 Train Loss: 0.5570
Epoch 5 Step 2051 Train Loss: 0.5413
Epoch 5 Step 2101 Train Loss: 0.5896
Epoch 5 Step 2151 Train Loss: 0.5888
Epoch 5 Step 2201 Train Loss: 0.6200
Epoch 5 Step 2251 Train Loss: 0.5880
Epoch 5 Step 2301 Train Loss: 0.5961
Epoch 5 Step 2351 Train Loss: 0.5731
Epoch 5 Step 2401 Train Loss: 0.5958
Epoch 5 Step 2451 Train Loss: 0.5537
Epoch 5 Step 2501 Train Loss: 0.5804
Epoch 5 Step 2551 Train Loss: 0.5937
Epoch 5 Step 2601 Train Loss: 0.5364
Epoch 5 Step 2651 Train Loss: 0.5905
Epoch 5 Step 2701 Train Loss: 0.6364
Epoch 5 Step 2751 Train Loss: 0.5986
Epoch 5 Step 2801 Train Loss: 0.6075
Epoch 5 Step 2851 Train Loss: 0.5985
Epoch 5 Step 2901 Train Loss: 0.5897
Epoch 5 Step 2951 Train Loss: 0.5662
Epoch 5 Step 3001 Train Loss: 0.5070
Epoch 5 Step 3051 Train Loss: 0.6094
Epoch 5 Step 3101 Train Loss: 0.6108
Epoch 5 Step 3151 Train Loss: 0.6416
Epoch 5 Step 3201 Train Loss: 0.6060
Epoch 5 Step 3251 Train Loss: 0.5791
Epoch 5 Step 3301 Train Loss: 0.5792
Epoch 5 Step 3351 Train Loss: 0.5199
Epoch 5 Step 3401 Train Loss: 0.5798
Epoch 5 Step 3451 Train Loss: 0.5413
Epoch 5 Step 3501 Train Loss: 0.6337
Epoch 5: Train Overall MSE: 0.0063 Validation Overall MSE: 0.0082. 
Train Top 20 DE MSE: 0.0706 Validation Top 20 DE MSE: 0.1431. 
Done!
Start Testing...
Best performing model: Test Top 20 DE MSE: 0.1227
Start doing subgroup analysis for simulation split...
test_combo_seen0_mse: nan
test_combo_seen0_pearson: nan
test_combo_seen0_mse_de: nan
test_combo_seen0_pearson_de: nan
test_combo_seen1_mse: nan
test_combo_seen1_pearson: nan
test_combo_seen1_mse_de: nan
test_combo_seen1_pearson_de: nan
test_combo_seen2_mse: nan
test_combo_seen2_pearson: nan
test_combo_seen2_mse_de: nan
test_combo_seen2_pearson_de: nan
test_unseen_single_mse: 0.008018581940097433
test_unseen_single_pearson: 0.98656017
test_unseen_single_mse_de: 0.12271330845439532
test_unseen_single_pearson_de: 0.9267418255262515
test_combo_seen0_pearson_delta: nan
test_combo_seen0_frac_opposite_direction_top20_non_dropout: nan
test_combo_seen0_frac_sigma_below_1_non_dropout: nan
test_combo_seen0_mse_top20_de_non_dropout: nan
test_combo_seen1_pearson_delta: nan
test_combo_seen1_frac_opposite_direction_top20_non_dropout: nan
test_combo_seen1_frac_sigma_below_1_non_dropout: nan
test_combo_seen1_mse_top20_de_non_dropout: nan
test_combo_seen2_pearson_delta: nan
test_combo_seen2_frac_opposite_direction_top20_non_dropout: nan
test_combo_seen2_frac_sigma_below_1_non_dropout: nan
test_combo_seen2_mse_top20_de_non_dropout: nan
test_unseen_single_pearson_delta: 0.4020393
test_unseen_single_frac_opposite_direction_top20_non_dropout: 0.24540441176470587
test_unseen_single_frac_sigma_below_1_non_dropout: 0.8036764705882353
test_unseen_single_mse_top20_de_non_dropout: 0.12752737744834602
Done!
PyTorch 2.5.1, CUDA=True
GPU: NVIDIA GeForce RTX 4060 Ti, VRAM: 8.6 GB

============================================================
Processing K562...
  1092 perturbations, 5000 genes
  Training GEARS model...
here1
    [WARN] predict AAMP+ctrl: ctrl is not in the perturbation graph. Please select from GEARS.pert_list!
    [WARN] predict AARS+ctrl: ctrl is not in the perturbation graph. Please select from GEARS.pert_list!
    [WARN] predict AATF+ctrl: ctrl is not in the perturbation graph. Please select from GEARS.pert_list!
    [WARN] predict ABCB7+ctrl: ctrl is not in the perturbation graph. Please select from GEARS.pert_list!
    [WARN] predict ABCE1+ctrl: ctrl is not in the perturbation graph. Please select from GEARS.pert_list!
    [WARN] predict ABCF1+ctrl: ctrl is not in the perturbation graph. Please select from GEARS.pert_list!
    [WARN] predict ABT1+ctrl: ctrl is not in the perturbation graph. Please select from GEARS.pert_list!
    [WARN] predict ACTB+ctrl: ctrl is not in the perturbation graph. Please select from GEARS.pert_list!
    [WARN] predict ACTL6A+ctrl: ctrl is not in the perturbation graph. Please select from GEARS.pert_list!
    [WARN] predict ACTR6+ctrl: ctrl is not in the perturbation graph. Please select from GEARS.pert_list!
    [WARN] predict ACTR8+ctrl: ctrl is not in the perturbation graph. Please select from GEARS.pert_list!
    [WARN] predict AHCTF1+ctrl: ctrl is not in the perturbation graph. Please select from GEARS.pert_list!
    [WARN] predict AHCY+ctrl: ctrl is not in the perturbation graph. Please select from GEARS.pert_list!
    [WARN] predict AKIRIN2+ctrl: ctrl is not in the perturbation graph. Please select from GEARS.pert_list!
    [WARN] predict ALDOA+ctrl: ctrl is not in the perturbation graph. Please select from GEARS.pert_list!
    [WARN] predict ALG13+ctrl: ctrl is not in the perturbation graph. Please select from GEARS.pert_list!
    [WARN] predict ALG2+ctrl: ctrl is not in the perturbation graph. Please select from GEARS.pert_list!
    [WARN] predict ALYREF+ctrl: ctrl is not in the perturbation graph. Please select from GEARS.pert_list!
    [WARN] predict ANAPC2+ctrl: ctrl is not in the perturbation graph. Please select from GEARS.pert_list!
    [WARN] predict ANAPC4+ctrl: ctrl is not in the perturbation graph. Please select from GEARS.pert_list!
    [WARN] predict ANKRD11+ctrl: ctrl is not in the perturbation graph. Please select from GEARS.pert_list!
    [WARN] predict AP2S1+ctrl: ctrl is not in the perturbation graph. Please select from GEARS.pert_list!
    [WARN] predict AQR+ctrl: ctrl is not in the perturbation graph. Please select from GEARS.pert_list!
    [WARN] predict ARCN1+ctrl: ctrl is not in the perturbation graph. Please select from GEARS.pert_list!
    [WARN] predict ARGLU1+ctrl: ctrl is not in the perturbation graph. Please select from GEARS.pert_list!
    [WARN] predict ARIH1+ctrl: ctrl is not in the perturbation graph. Please select from GEARS.pert_list!
    [WARN] predict ARL2+ctrl: ctrl is not in the perturbation graph. Please select from GEARS.pert_list!
    [WARN] predict ARMC7+ctrl: ctrl is not in the perturbation graph. Please select from GEARS.pert_list!
    [WARN] predict ARPC4+ctrl: ctrl is not in the perturbation graph. Please select from GEARS.pert_list!
    [WARN] predict ATF4+ctrl: ctrl is not in the perturbation graph. Please select from GEARS.pert_list!
    [WARN] predict ATF5+ctrl: ctrl is not in the perturbation graph. Please select from GEARS.pert_list!
    [WARN] predict ATP1A1+ctrl: ctrl is not in the perturbation graph. Please select from GEARS.pert_list!
    [WARN] predict ATP6AP1+ctrl: ctrl is not in the perturbation graph. Please select from GEARS.pert_list!
    [WARN] predict ATP6V0B+ctrl: ctrl is not in the perturbation graph. Please select from GEARS.pert_list!
    [WARN] predict ATP6V0C+ctrl: ctrl is not in the perturbation graph. Please select from GEARS.pert_list!
    [WARN] predict ATP6V1A+ctrl: ctrl is not in the perturbation graph. Please select from GEARS.pert_list!
    [WARN] predict ATP6V1B2+ctrl: ctrl is not in the perturbation graph. Please select from GEARS.pert_list!
    [WARN] predict ATR+ctrl: ctrl is not in the perturbation graph. Please select from GEARS.pert_list!
    [WARN] predict ATRIP+ctrl: ctrl is not in the perturbation graph. Please select from GEARS.pert_list!
    [WARN] predict BANP+ctrl: ctrl is not in the perturbation graph. Please select from GEARS.pert_list!
    [WARN] predict BAP1+ctrl: ctrl is not in the perturbation graph. Please select from GEARS.pert_list!
    [WARN] predict BCAS2+ctrl: ctrl is not in the perturbation graph. Please select from GEARS.pert_list!
    [WARN] predict BDP1+ctrl: ctrl is not in the perturbation graph. Please select from GEARS.pert_list!
    [WARN] predict BGLAP+ctrl: ctrl is not in the perturbation graph. Please select from GEARS.pert_list!
    [WARN] predict BMS1+ctrl: ctrl is not in the perturbation graph. Please select from GEARS.pert_list!
    [WARN] predict BNIP1+ctrl: ctrl is not in the perturbation graph. Please select from GEARS.pert_list!
    [WARN] predict BOP1+ctrl: ctrl is not in the perturbation graph. Please select from GEARS.pert_list!
    [WARN] predict BRD8+ctrl: ctrl is not in the perturbation graph. Please select from GEARS.pert_list!
    [WARN] predict BRIX1+ctrl: ctrl is not in the perturbation graph. Please select from GEARS.pert_list!
    [WARN] predict BTF3+ctrl: ctrl is not in the perturbation graph. Please select from GEARS.pert_list!
    [WARN] predict BUB3+ctrl: ctrl is not in the perturbation graph. Please select from GEARS.pert_list!
    [WARN] predict BUD13+ctrl: ctrl is not in the perturbation graph. Please select from GEARS.pert_list!
    [WARN] predict BUD31+ctrl: ctrl is not in the perturbation graph. Please select from GEARS.pert_list!
    [WARN] predict BYSL+ctrl: ctrl is not in the perturbation graph. Please select from GEARS.pert_list!
    [WARN] predict C12orf45+ctrl: ctrl is not in the perturbation graph. Please select from GEARS.pert_list!
    [WARN] predict C14orf178+ctrl: C14orf178 is not in the perturbation graph. Please select from GEARS.pert_list!
    [WARN] predict C1QBP+ctrl: ctrl is not in the perturbation graph. Please select from GEARS.pert_list!
    [WARN] predict C7orf26+ctrl: C7orf26 is not in the perturbation graph. Please select from GEARS.pert_list!
    [WARN] predict CACTIN+ctrl: ctrl is not in the perturbation graph. Please select from GEARS.pert_list!
    [WARN] predict CAPZB+ctrl: ctrl is not in the perturbation graph. Please select from GEARS.pert_list!
    [WARN] predict CASP8AP2+ctrl: ctrl is not in the perturbation graph. Please select from GEARS.pert_list!
    [WARN] predict CBLL1+ctrl: ctrl is not in the perturbation graph. Please select from GEARS.pert_list!
    [WARN] predict CCDC174+ctrl: ctrl is not in the perturbation graph. Please select from GEARS.pert_list!
    [WARN] predict CCDC59+ctrl: ctrl is not in the perturbation graph. Please select from GEARS.pert_list!
    [WARN] predict CCDC84+ctrl: ctrl is not in the perturbation graph. Please select from GEARS.pert_list!
    [WARN] predict CCDC86+ctrl: ctrl is not in the perturbation graph. Please select from GEARS.pert_list!
    [WARN] predict CCNH+ctrl: ctrl is not in the perturbation graph. Please select from GEARS.pert_list!
    [WARN] predict CCNK+ctrl: ctrl is not in the perturbation graph. Please select from GEARS.pert_list!
    [WARN] predict CCT2+ctrl: ctrl is not in the perturbation graph. Please select from GEARS.pert_list!
    [WARN] predict CCT3+ctrl: ctrl is not in the perturbation graph. Please select from GEARS.pert_list!
    [WARN] predict CCT4+ctrl: ctrl is not in the perturbation graph. Please select from GEARS.pert_list!
    [WARN] predict CCT5+ctrl: ctrl is not in the perturbation graph. Please select from GEARS.pert_list!
    [WARN] predict CCT6A+ctrl: ctrl is not in the perturbation graph. Please select from GEARS.pert_list!
    [WARN] predict CCT7+ctrl: ctrl is not in the perturbation graph. Please select from GEARS.pert_list!
    [WARN] predict CCT8+ctrl: ctrl is not in the perturbation graph. Please select from GEARS.pert_list!
    [WARN] predict CD3EAP+ctrl: ctrl is not in the perturbation graph. Please select from GEARS.pert_list!
    [WARN] predict CDAN1+ctrl: ctrl is not in the perturbation graph. Please select from GEARS.pert_list!
    [WARN] predict CDC123+ctrl: ctrl is not in the perturbation graph. Please select from GEARS.pert_list!
    [WARN] predict CDC16+ctrl: ctrl is not in the perturbation graph. Please select from GEARS.pert_list!
    [WARN] predict CDC23+ctrl: ctrl is not in the perturbation graph. Please select from GEARS.pert_list!
    [WARN] predict CDC27+ctrl: ctrl is not in the perturbation graph. Please select from GEARS.pert_list!
    [WARN] predict CDC40+ctrl: ctrl is not in the perturbation graph. Please select from GEARS.pert_list!
    [WARN] predict CDC5L+ctrl: ctrl is not in the perturbation graph. Please select from GEARS.pert_list!
    [WARN] predict CDC6+ctrl: ctrl is not in the perturbation graph. Please select from GEARS.pert_list!
    [WARN] predict CDC73+ctrl: ctrl is not in the perturbation graph. Please select from GEARS.pert_list!
    [WARN] predict CDK1+ctrl: ctrl is not in the perturbation graph. Please select from GEARS.pert_list!
    [WARN] predict CDK9+ctrl: ctrl is not in the perturbation graph. Please select from GEARS.pert_list!
    [WARN] predict CEBPZ+ctrl: ctrl is not in the perturbation graph. Please select from GEARS.pert_list!
    [WARN] predict CENPC+ctrl: ctrl is not in the perturbation graph. Please select from GEARS.pert_list!
    [WARN] predict CENPE+ctrl: ctrl is not in the perturbation graph. Please select from GEARS.pert_list!
    [WARN] predict CENPJ+ctrl: ctrl is not in the perturbation graph. Please select from GEARS.pert_list!
    [WARN] predict CENPK+ctrl: ctrl is not in the perturbation graph. Please select from GEARS.pert_list!
    [WARN] predict CEP192+ctrl: ctrl is not in the perturbation graph. Please select from GEARS.pert_list!
    [WARN] predict CHAF1A+ctrl: ctrl is not in the perturbation graph. Please select from GEARS.pert_list!
    [WARN] predict CHAF1B+ctrl: ctrl is not in the perturbation graph. Please select from GEARS.pert_list!
    [WARN] predict CHCHD4+ctrl: ctrl is not in the perturbation graph. Please select from GEARS.pert_list!
    [WARN] predict CHD4+ctrl: ctrl is not in the perturbation graph. Please select from GEARS.pert_list!
    [WARN] predict CHEK1+ctrl: ctrl is not in the perturbation graph. Please select from GEARS.pert_list!
    [WARN] predict CHERP+ctrl: ctrl is not in the perturbation graph. Please select from GEARS.pert_list!
    [WARN] predict CHMP1A+ctrl: ctrl is not in the perturbation graph. Please select from GEARS.pert_list!
    [WARN] predict CHMP2A+ctrl: ctrl is not in the perturbation graph. Please select from GEARS.pert_list!
    [WARN] predict CHMP3+ctrl: ctrl is not in the perturbation graph. Please select from GEARS.pert_list!
    [WARN] predict CHMP6+ctrl: ctrl is not in the perturbation graph. Please select from GEARS.pert_list!
    [WARN] predict CIAPIN1+ctrl: ctrl is not in the perturbation graph. Please select from GEARS.pert_list!
    [WARN] predict CINP+ctrl: ctrl is not in the perturbation graph. Please select from GEARS.pert_list!
    [WARN] predict CKAP5+ctrl: ctrl is not in the perturbation graph. Please select from GEARS.pert_list!
    [WARN] predict CLNS1A+ctrl: ctrl is not in the perturbation graph. Please select from GEARS.pert_list!
    [WARN] predict CLP1+ctrl: ctrl is not in the perturbation graph. Please select from GEARS.pert_list!
    [WARN] predict CLSPN+ctrl: ctrl is not in the perturbation graph. Please select from GEARS.pert_list!
    [WARN] predict CLTC+ctrl: ctrl is not in the perturbation graph. Please select from GEARS.pert_list!
    [WARN] predict CMTR1+ctrl: ctrl is not in the perturbation graph. Please select from GEARS.pert_list!
    [WARN] predict CNIH4+ctrl: ctrl is not in the perturbation graph. Please select from GEARS.pert_list!
    [WARN] predict CNOT1+ctrl: ctrl is not in the perturbation graph. Please select from GEARS.pert_list!
    [WARN] predict CNOT2+ctrl: ctrl is not in the perturbation graph. Please select from GEARS.pert_list!
    [WARN] predict CNOT3+ctrl: ctrl is not in the perturbation graph. Please select from GEARS.pert_list!
    [WARN] predict COG2+ctrl: ctrl is not in the perturbation graph. Please select from GEARS.pert_list!
    [WARN] predict COG3+ctrl: ctrl is not in the perturbation graph. Please select from GEARS.pert_list!
    [WARN] predict COPB1+ctrl: ctrl is not in the perturbation graph. Please select from GEARS.pert_list!
    [WARN] predict COPB2+ctrl: ctrl is not in the perturbation graph. Please select from GEARS.pert_list!
    [WARN] predict COPS2+ctrl: ctrl is not in the perturbation graph. Please select from GEARS.pert_list!
    [WARN] predict COPS3+ctrl: ctrl is not in the perturbation graph. Please select from GEARS.pert_list!
    [WARN] predict COPS4+ctrl: ctrl is not in the perturbation graph. Please select from GEARS.pert_list!
    [WARN] predict COPS5+ctrl: ctrl is not in the perturbation graph. Please select from GEARS.pert_list!
    [WARN] predict COPS6+ctrl: ctrl is not in the perturbation graph. Please select from GEARS.pert_list!
    [WARN] predict COPS8+ctrl: ctrl is not in the perturbation graph. Please select from GEARS.pert_list!
    [WARN] predict COPZ1+ctrl: ctrl is not in the perturbation graph. Please select from GEARS.pert_list!
    [WARN] predict COX11+ctrl: ctrl is not in the perturbation graph. Please select from GEARS.pert_list!
    [WARN] predict COX15+ctrl: ctrl is not in the perturbation graph. Please select from GEARS.pert_list!
    [WARN] predict COX17+ctrl: ctrl is not in the perturbation graph. Please select from GEARS.pert_list!
    [WARN] predict COX7C+ctrl: ctrl is not in the perturbation graph. Please select from GEARS.pert_list!
    [WARN] predict CPSF1+ctrl: ctrl is not in the perturbation graph. Please select from GEARS.pert_list!
    [WARN] predict CPSF3+ctrl: ctrl is not in the perturbation graph. Please select from GEARS.pert_list!
    [WARN] predict CPSF4+ctrl: ctrl is not in the perturbation graph. Please select from GEARS.pert_list!
    [WARN] predict CPSF6+ctrl: ctrl is not in the perturbation graph. Please select from GEARS.pert_list!
    [WARN] predict CRNKL1+ctrl: ctrl is not in the perturbation graph. Please select from GEARS.pert_list!
    [WARN] predict CSE1L+ctrl: ctrl is not in the perturbation graph. Please select from GEARS.pert_list!
    [WARN] predict CSNK1A1+ctrl: ctrl is not in the perturbation graph. Please select from GEARS.pert_list!
    [WARN] predict CSNK2B+ctrl: ctrl is not in the perturbation graph. Please select from GEARS.pert_list!
    [WARN] predict CSTF1+ctrl: ctrl is not in the perturbation graph. Please select from GEARS.pert_list!
    [WARN] predict CSTF3+ctrl: ctrl is not in the perturbation graph. Please select from GEARS.pert_list!
    [WARN] predict CTDP1+ctrl: ctrl is not in the perturbation graph. Please select from GEARS.pert_list!
    [WARN] predict CTNNBL1+ctrl: ctrl is not in the perturbation graph. Please select from GEARS.pert_list!
    [WARN] predict CTR9+ctrl: ctrl is not in the perturbation graph. Please select from GEARS.pert_list!
    [WARN] predict CUL1+ctrl: ctrl is not in the perturbation graph. Please select from GEARS.pert_list!
    [WARN] predict CUL2+ctrl: ctrl is not in the perturbation graph. Please select from GEARS.pert_list!
    [WARN] predict CUL7+ctrl: ctrl is not in the perturbation graph. Please select from GEARS.pert_list!
    [WARN] predict CWC15+ctrl: ctrl is not in the perturbation graph. Please select from GEARS.pert_list!
    [WARN] predict CWC22+ctrl: ctrl is not in the perturbation graph. Please select from GEARS.pert_list!
    [WARN] predict CWF19L2+ctrl: ctrl is not in the perturbation graph. Please select from GEARS.pert_list!
    [WARN] predict CXXC1+ctrl: ctrl is not in the perturbation graph. Please select from GEARS.pert_list!
    [WARN] predict CYCS+ctrl: ctrl is not in the perturbation graph. Please select from GEARS.pert_list!
    [WARN] predict DAD1+ctrl: ctrl is not in the perturbation graph. Please select from GEARS.pert_list!
    [WARN] predict DAP3+ctrl: ctrl is not in the perturbation graph. Please select from GEARS.pert_list!
    [WARN] predict DARS+ctrl: ctrl is not in the perturbation graph. Please select from GEARS.pert_list!
    [WARN] predict DBR1+ctrl: ctrl is not in the perturbation graph. Please select from GEARS.pert_list!
    [WARN] predict DCUN1D5+ctrl: ctrl is not in the perturbation graph. Please select from GEARS.pert_list!
    [WARN] predict DDB1+ctrl: ctrl is not in the perturbation graph. Please select from GEARS.pert_list!
    [WARN] predict DDOST+ctrl: ctrl is not in the perturbation graph. Please select from GEARS.pert_list!
    [WARN] predict DDX10+ctrl: ctrl is not in the perturbation graph. Please select from GEARS.pert_list!
    [WARN] predict DDX18+ctrl: ctrl is not in the perturbation graph. Please select from GEARS.pert_list!
    [WARN] predict DDX20+ctrl: ctrl is not in the perturbation graph. Please select from GEARS.pert_list!
    [WARN] predict DDX21+ctrl: ctrl is not in the perturbation graph. Please select from GEARS.pert_list!
    [WARN] predict DDX23+ctrl: ctrl is not in the perturbation graph. Please select from GEARS.pert_list!
    [WARN] predict DDX24+ctrl: ctrl is not in the perturbation graph. Please select from GEARS.pert_list!
    [WARN] predict DDX27+ctrl: ctrl is not in the perturbation graph. Please select from GEARS.pert_list!
    [WARN] predict DDX41+ctrl: ctrl is not in the perturbation graph. Please select from GEARS.pert_list!
    [WARN] predict DDX46+ctrl: ctrl is not in the perturbation graph. Please select from GEARS.pert_list!
    [WARN] predict DDX47+ctrl: ctrl is not in the perturbation graph. Please select from GEARS.pert_list!
    [WARN] predict DDX49+ctrl: ctrl is not in the perturbation graph. Please select from GEARS.pert_list!
    [WARN] predict DDX5+ctrl: ctrl is not in the perturbation graph. Please select from GEARS.pert_list!
    [WARN] predict DDX51+ctrl: ctrl is not in the perturbation graph. Please select from GEARS.pert_list!
    [WARN] predict DDX52+ctrl: ctrl is not in the perturbation graph. Please select from GEARS.pert_list!
    [WARN] predict DDX54+ctrl: ctrl is not in the perturbation graph. Please select from GEARS.pert_list!
    [WARN] predict DDX55+ctrl: ctrl is not in the perturbation graph. Please select from GEARS.pert_list!
    [WARN] predict DDX56+ctrl: ctrl is not in the perturbation graph. Please select from GEARS.pert_list!
    [WARN] predict DDX59+ctrl: ctrl is not in the perturbation graph. Please select from GEARS.pert_list!
    [WARN] predict DDX6+ctrl: ctrl is not in the perturbation graph. Please select from GEARS.pert_list!
    [WARN] predict DENR+ctrl: ctrl is not in the perturbation graph. Please select from GEARS.pert_list!
    [WARN] predict DERL2+ctrl: ctrl is not in the perturbation graph. Please select from GEARS.pert_list!
    [WARN] predict DHDDS+ctrl: ctrl is not in the perturbation graph. Please select from GEARS.pert_list!
    [WARN] predict DHODH+ctrl: ctrl is not in the perturbation graph. Please select from GEARS.pert_list!
    [WARN] predict DHX15+ctrl: ctrl is not in the perturbation graph. Please select from GEARS.pert_list!
    [WARN] predict DHX16+ctrl: ctrl is not in the perturbation graph. Please select from GEARS.pert_list!
    [WARN] predict DHX33+ctrl: ctrl is not in the perturbation graph. Please select from GEARS.pert_list!
    [WARN] predict DHX36+ctrl: ctrl is not in the perturbation graph. Please select from GEARS.pert_list!
    [WARN] predict DHX37+ctrl: ctrl is not in the perturbation graph. Please select from GEARS.pert_list!
    [WARN] predict DICER1+ctrl: ctrl is not in the perturbation graph. Please select from GEARS.pert_list!
    [WARN] predict DIMT1+ctrl: ctrl is not in the perturbation graph. Please select from GEARS.pert_list!
    [WARN] predict DIS3+ctrl: ctrl is not in the perturbation graph. Please select from GEARS.pert_list!
    [WARN] predict DKC1+ctrl: ctrl is not in the perturbation graph. Please select from GEARS.pert_list!
    [WARN] predict DLD+ctrl: ctrl is not in the perturbation graph. Please select from GEARS.pert_list!
    [WARN] predict DMAP1+ctrl: ctrl is not in the perturbation graph. Please select from GEARS.pert_list!
    [WARN] predict DNAJA3+ctrl: ctrl is not in the perturbation graph. Please select from GEARS.pert_list!
    [WARN] predict DNAJC17+ctrl: ctrl is not in the perturbation graph. Please select from GEARS.pert_list!
    [WARN] predict DNAJC19+ctrl: ctrl is not in the perturbation graph. Please select from GEARS.pert_list!
    [WARN] predict DNAJC8+ctrl: ctrl is not in the perturbation graph. Please select from GEARS.pert_list!
    [WARN] predict DNM1L+ctrl: ctrl is not in the perturbation graph. Please select from GEARS.pert_list!
    [WARN] predict DNMT1+ctrl: ctrl is not in the perturbation graph. Please select from GEARS.pert_list!
    [WARN] predict DNTTIP2+ctrl: ctrl is not in the perturbation graph. Please select from GEARS.pert_list!
    [WARN] predict DOHH+ctrl: ctrl is not in the perturbation graph. Please select from GEARS.pert_list!
    [WARN] predict DONSON+ctrl: ctrl is not in the perturbation graph. Please select from GEARS.pert_list!
    [WARN] predict DPH2+ctrl: ctrl is not in the perturbation graph. Please select from GEARS.pert_list!
    [WARN] predict DR1+ctrl: ctrl is not in the perturbation graph. Please select from GEARS.pert_list!
    [WARN] predict DRAP1+ctrl: ctrl is not in the perturbation graph. Please select from GEARS.pert_list!
    [WARN] predict DSN1+ctrl: ctrl is not in the perturbation graph. Please select from GEARS.pert_list!
    [WARN] predict DTL+ctrl: ctrl is not in the perturbation graph. Please select from GEARS.pert_list!
    [WARN] predict DTYMK+ctrl: ctrl is not in the perturbation graph. Please select from GEARS.pert_list!
    [WARN] predict DUT+ctrl: ctrl is not in the perturbation graph. Please select from GEARS.pert_list!
    [WARN] predict DYNC1H1+ctrl: ctrl is not in the perturbation graph. Please select from GEARS.pert_list!
    [WARN] predict DYNC1I2+ctrl: ctrl is not in the perturbation graph. Please select from GEARS.pert_list!
    [WARN] predict DYNLL1+ctrl: ctrl is not in the perturbation graph. Please select from GEARS.pert_list!
    [WARN] predict DYNLRB1+ctrl: ctrl is not in the perturbation graph. Please select from GEARS.pert_list!
    [WARN] predict E4F1+ctrl: ctrl is not in the perturbation graph. Please select from GEARS.pert_list!
    [WARN] predict EBNA1BP2+ctrl: ctrl is not in the perturbation graph. Please select from GEARS.pert_list!
    [WARN] predict ECD+ctrl: ctrl is not in the perturbation graph. Please select from GEARS.pert_list!
    [WARN] predict EEF1G+ctrl: ctrl is not in the perturbation graph. Please select from GEARS.pert_list!
    [WARN] predict EEF2+ctrl: ctrl is not in the perturbation graph. Please select from GEARS.pert_list!
    [WARN] predict EFTUD2+ctrl: ctrl is not in the perturbation graph. Please select from GEARS.pert_list!
    [WARN] predict EIF1AX+ctrl: ctrl is not in the perturbation graph. Please select from GEARS.pert_list!
    [WARN] predict EIF2B1+ctrl: ctrl is not in the perturbation graph. Please select from GEARS.pert_list!
    [WARN] predict EIF2B2+ctrl: ctrl is not in the perturbation graph. Please select from GEARS.pert_list!
    [WARN] predict EIF2B3+ctrl: ctrl is not in the perturbation graph. Please select from GEARS.pert_list!
    [WARN] predict EIF2B4+ctrl: ctrl is not in the perturbation graph. Please select from GEARS.pert_list!
    [WARN] predict EIF2B5+ctrl: ctrl is not in the perturbation graph. Please select from GEARS.pert_list!
    [WARN] predict EIF2S1+ctrl: ctrl is not in the perturbation graph. Please select from GEARS.pert_list!
    [WARN] predict EIF2S2+ctrl: ctrl is not in the perturbation graph. Please select from GEARS.pert_list!
    [WARN] predict EIF2S3+ctrl: ctrl is not in the perturbation graph. Please select from GEARS.pert_list!
    [WARN] predict EIF3A+ctrl: ctrl is not in the perturbation graph. Please select from GEARS.pert_list!
    [WARN] predict EIF3B+ctrl: ctrl is not in the perturbation graph. Please select from GEARS.pert_list!
    [WARN] predict EIF3CL+ctrl: ctrl is not in the perturbation graph. Please select from GEARS.pert_list!
    [WARN] predict EIF3D+ctrl: ctrl is not in the perturbation graph. Please select from GEARS.pert_list!
    [WARN] predict EIF3E+ctrl: ctrl is not in the perturbation graph. Please select from GEARS.pert_list!
    [WARN] predict EIF3F+ctrl: ctrl is not in the perturbation graph. Please select from GEARS.pert_list!
    [WARN] predict EIF3G+ctrl: ctrl is not in the perturbation graph. Please select from GEARS.pert_list!
    [WARN] predict EIF3H+ctrl: ctrl is not in the perturbation graph. Please select from GEARS.pert_list!
    [WARN] predict EIF3I+ctrl: ctrl is not in the perturbation graph. Please select from GEARS.pert_list!
    [WARN] predict EIF3J+ctrl: ctrl is not in the perturbation graph. Please select from GEARS.pert_list!
    [WARN] predict EIF3M+ctrl: ctrl is not in the perturbation graph. Please select from GEARS.pert_list!
    [WARN] predict EIF4E+ctrl: ctrl is not in the perturbation graph. Please select from GEARS.pert_list!
    [WARN] predict EIF4G1+ctrl: ctrl is not in the perturbation graph. Please select from GEARS.pert_list!
    [WARN] predict EIF4G2+ctrl: ctrl is not in the perturbation graph. Please select from GEARS.pert_list!
    [WARN] predict EIF5+ctrl: ctrl is not in the perturbation graph. Please select from GEARS.pert_list!
    [WARN] predict EIF5A+ctrl: ctrl is not in the perturbation graph. Please select from GEARS.pert_list!
    [WARN] predict EIF6+ctrl: ctrl is not in the perturbation graph. Please select from GEARS.pert_list!
    [WARN] predict ELP3+ctrl: ctrl is not in the perturbation graph. Please select from GEARS.pert_list!
    [WARN] predict ELP5+ctrl: ctrl is not in the perturbation graph. Please select from GEARS.pert_list!
    [WARN] predict EP400+ctrl: ctrl is not in the perturbation graph. Please select from GEARS.pert_list!
    [WARN] predict EPRS+ctrl: ctrl is not in the perturbation graph. Please select from GEARS.pert_list!
    [WARN] predict ERCC2+ctrl: ctrl is not in the perturbation graph. Please select from GEARS.pert_list!
    [WARN] predict ERCC3+ctrl: ctrl is not in the perturbation graph. Please select from GEARS.pert_list!
    [WARN] predict ERH+ctrl: ctrl is not in the perturbation graph. Please select from GEARS.pert_list!
    [WARN] predict ESF1+ctrl: ctrl is not in the perturbation graph. Please select from GEARS.pert_list!
    [WARN] predict ETF1+ctrl: ctrl is not in the perturbation graph. Please select from GEARS.pert_list!
    [WARN] predict EXOC7+ctrl: ctrl is not in the perturbation graph. Please select from GEARS.pert_list!
    [WARN] predict EXOSC10+ctrl: ctrl is not in the perturbation graph. Please select from GEARS.pert_list!
    [WARN] predict EXOSC2+ctrl: ctrl is not in the perturbation graph. Please select from GEARS.pert_list!
    [WARN] predict EXOSC3+ctrl: ctrl is not in the perturbation graph. Please select from GEARS.pert_list!
    [WARN] predict EXOSC4+ctrl: ctrl is not in the perturbation graph. Please select from GEARS.pert_list!
    [WARN] predict EXOSC5+ctrl: ctrl is not in the perturbation graph. Please select from GEARS.pert_list!
    [WARN] predict EXOSC6+ctrl: ctrl is not in the perturbation graph. Please select from GEARS.pert_list!
    [WARN] predict EXOSC7+ctrl: ctrl is not in the perturbation graph. Please select from GEARS.pert_list!
    [WARN] predict EXOSC8+ctrl: ctrl is not in the perturbation graph. Please select from GEARS.pert_list!
    [WARN] predict EXOSC9+ctrl: ctrl is not in the perturbation graph. Please select from GEARS.pert_list!
    [WARN] predict FAM136A+ctrl: ctrl is not in the perturbation graph. Please select from GEARS.pert_list!
    [WARN] predict FAM32A+ctrl: ctrl is not in the perturbation graph. Please select from GEARS.pert_list!
    [WARN] predict FAM50A+ctrl: ctrl is not in the perturbation graph. Please select from GEARS.pert_list!
    [WARN] predict FARSA+ctrl: ctrl is not in the perturbation graph. Please select from GEARS.pert_list!
    [WARN] predict FARSB+ctrl: ctrl is not in the perturbation graph. Please select from GEARS.pert_list!
    [WARN] predict FASTKD5+ctrl: ctrl is not in the perturbation graph. Please select from GEARS.pert_list!
    [WARN] predict FAU+ctrl: FAU is not in the perturbation graph. Please select from GEARS.pert_list!
    [WARN] predict FBL+ctrl: ctrl is not in the perturbation graph. Please select from GEARS.pert_list!
    [WARN] predict FBXO5+ctrl: ctrl is not in the perturbation graph. Please select from GEARS.pert_list!
    [WARN] predict FCF1+ctrl: ctrl is not in the perturbation graph. Please select from GEARS.pert_list!
    [WARN] predict FNTA+ctrl: ctrl is not in the perturbation graph. Please select from GEARS.pert_list!
    [WARN] predict FTSJ3+ctrl: ctrl is not in the perturbation graph. Please select from GEARS.pert_list!
    [WARN] predict GAB2+ctrl: ctrl is not in the perturbation graph. Please select from GEARS.pert_list!
    [WARN] predict GAR1+ctrl: ctrl is not in the perturbation graph. Please select from GEARS.pert_list!
    [WARN] predict GARS+ctrl: ctrl is not in the perturbation graph. Please select from GEARS.pert_list!
    [WARN] predict GATA1+ctrl: ctrl is not in the perturbation graph. Please select from GEARS.pert_list!
    [WARN] predict GBF1+ctrl: ctrl is not in the perturbation graph. Please select from GEARS.pert_list!
    [WARN] predict GEMIN5+ctrl: ctrl is not in the perturbation graph. Please select from GEARS.pert_list!
    [WARN] predict GFER+ctrl: ctrl is not in the perturbation graph. Please select from GEARS.pert_list!
    [WARN] predict GFM1+ctrl: ctrl is not in the perturbation graph. Please select from GEARS.pert_list!
    [WARN] predict GINS1+ctrl: ctrl is not in the perturbation graph. Please select from GEARS.pert_list!
    [WARN] predict GINS2+ctrl: ctrl is not in the perturbation graph. Please select from GEARS.pert_list!
    [WARN] predict GINS3+ctrl: ctrl is not in the perturbation graph. Please select from GEARS.pert_list!
    [WARN] predict GINS4+ctrl: ctrl is not in the perturbation graph. Please select from GEARS.pert_list!
    [WARN] predict GLE1+ctrl: ctrl is not in the perturbation graph. Please select from GEARS.pert_list!
    [WARN] predict GMPS+ctrl: ctrl is not in the perturbation graph. Please select from GEARS.pert_list!
    [WARN] predict GNL2+ctrl: ctrl is not in the perturbation graph. Please select from GEARS.pert_list!
    [WARN] predict GNL3+ctrl: ctrl is not in the perturbation graph. Please select from GEARS.pert_list!
    [WARN] predict GNL3L+ctrl: ctrl is not in the perturbation graph. Please select from GEARS.pert_list!
    [WARN] predict GOLT1B+ctrl: ctrl is not in the perturbation graph. Please select from GEARS.pert_list!
    [WARN] predict GPKOW+ctrl: ctrl is not in the perturbation graph. Please select from GEARS.pert_list!
    [WARN] predict GPN1+ctrl: ctrl is not in the perturbation graph. Please select from GEARS.pert_list!
    [WARN] predict GPN2+ctrl: ctrl is not in the perturbation graph. Please select from GEARS.pert_list!
    [WARN] predict GPN3+ctrl: ctrl is not in the perturbation graph. Please select from GEARS.pert_list!
    [WARN] predict GPS1+ctrl: ctrl is not in the perturbation graph. Please select from GEARS.pert_list!
    [WARN] predict GRB2+ctrl: ctrl is not in the perturbation graph. Please select from GEARS.pert_list!
    [WARN] predict GRPEL1+ctrl: ctrl is not in the perturbation graph. Please select from GEARS.pert_list!
    [WARN] predict GRSF1+ctrl: ctrl is not in the perturbation graph. Please select from GEARS.pert_list!
    [WARN] predict GSPT1+ctrl: ctrl is not in the perturbation graph. Please select from GEARS.pert_list!
    [WARN] predict GTF2A1+ctrl: ctrl is not in the perturbation graph. Please select from GEARS.pert_list!
    [WARN] predict GTF2A2+ctrl: ctrl is not in the perturbation graph. Please select from GEARS.pert_list!
    [WARN] predict GTF2B+ctrl: ctrl is not in the perturbation graph. Please select from GEARS.pert_list!
    [WARN] predict GTF2E1+ctrl: ctrl is not in the perturbation graph. Please select from GEARS.pert_list!
    [WARN] predict GTF2E2+ctrl: ctrl is not in the perturbation graph. Please select from GEARS.pert_list!
    [WARN] predict GTF2F2+ctrl: ctrl is not in the perturbation graph. Please select from GEARS.pert_list!
    [WARN] predict GTF2H1+ctrl: ctrl is not in the perturbation graph. Please select from GEARS.pert_list!
    [WARN] predict GTF2H4+ctrl: ctrl is not in the perturbation graph. Please select from GEARS.pert_list!
    [WARN] predict GTF3C3+ctrl: ctrl is not in the perturbation graph. Please select from GEARS.pert_list!
    [WARN] predict GTPBP4+ctrl: ctrl is not in the perturbation graph. Please select from GEARS.pert_list!
    [WARN] predict GUCD1+ctrl: ctrl is not in the perturbation graph. Please select from GEARS.pert_list!
    [WARN] predict HARS+ctrl: ctrl is not in the perturbation graph. Please select from GEARS.pert_list!
    [WARN] predict HARS2+ctrl: ctrl is not in the perturbation graph. Please select from GEARS.pert_list!
    [WARN] predict HAUS4+ctrl: ctrl is not in the perturbation graph. Please select from GEARS.pert_list!
    [WARN] predict HAUS5+ctrl: ctrl is not in the perturbation graph. Please select from GEARS.pert_list!
    [WARN] predict HBS1L+ctrl: ctrl is not in the perturbation graph. Please select from GEARS.pert_list!
    [WARN] predict HDAC7+ctrl: ctrl is not in the perturbation graph. Please select from GEARS.pert_list!
    [WARN] predict HEATR1+ctrl: ctrl is not in the perturbation graph. Please select from GEARS.pert_list!
    [WARN] predict HGS+ctrl: ctrl is not in the perturbation graph. Please select from GEARS.pert_list!
    [WARN] predict HINFP+ctrl: ctrl is not in the perturbation graph. Please select from GEARS.pert_list!
    [WARN] predict HIRA+ctrl: ctrl is not in the perturbation graph. Please select from GEARS.pert_list!
    [WARN] predict HMGCS1+ctrl: ctrl is not in the perturbation graph. Please select from GEARS.pert_list!
    [WARN] predict HNRNPC+ctrl: ctrl is not in the perturbation graph. Please select from GEARS.pert_list!
    [WARN] predict HNRNPH1+ctrl: ctrl is not in the perturbation graph. Please select from GEARS.pert_list!
    [WARN] predict HNRNPL+ctrl: ctrl is not in the perturbation graph. Please select from GEARS.pert_list!
    [WARN] predict HNRNPM+ctrl: ctrl is not in the perturbation graph. Please select from GEARS.pert_list!
    [WARN] predict HNRNPU+ctrl: ctrl is not in the perturbation graph. Please select from GEARS.pert_list!
    [WARN] predict HSCB+ctrl: ctrl is not in the perturbation graph. Please select from GEARS.pert_list!
    [WARN] predict HSD17B12+ctrl: ctrl is not in the perturbation graph. Please select from GEARS.pert_list!
    [WARN] predict HSF1+ctrl: ctrl is not in the perturbation graph. Please select from GEARS.pert_list!
    [WARN] predict HSPA5+ctrl: ctrl is not in the perturbation graph. Please select from GEARS.pert_list!
    [WARN] predict HSPA8+ctrl: ctrl is not in the perturbation graph. Please select from GEARS.pert_list!
    [WARN] predict HSPA9+ctrl: ctrl is not in the perturbation graph. Please select from GEARS.pert_list!
    [WARN] predict HSPE1+ctrl: ctrl is not in the perturbation graph. Please select from GEARS.pert_list!
    [WARN] predict HUWE1+ctrl: ctrl is not in the perturbation graph. Please select from GEARS.pert_list!
    [WARN] predict HYPK+ctrl: ctrl is not in the perturbation graph. Please select from GEARS.pert_list!
    [WARN] predict IARS+ctrl: ctrl is not in the perturbation graph. Please select from GEARS.pert_list!
    [WARN] predict IARS2+ctrl: ctrl is not in the perturbation graph. Please select from GEARS.pert_list!
    [WARN] predict ICE1+ctrl: ctrl is not in the perturbation graph. Please select from GEARS.pert_list!
    [WARN] predict IGBP1+ctrl: ctrl is not in the perturbation graph. Please select from GEARS.pert_list!
    [WARN] predict IK+ctrl: ctrl is not in the perturbation graph. Please select from GEARS.pert_list!
    [WARN] predict ILF2+ctrl: ctrl is not in the perturbation graph. Please select from GEARS.pert_list!
    [WARN] predict ILF3+ctrl: ctrl is not in the perturbation graph. Please select from GEARS.pert_list!
    [WARN] predict IMP4+ctrl: ctrl is not in the perturbation graph. Please select from GEARS.pert_list!
    [WARN] predict IMPDH2+ctrl: ctrl is not in the perturbation graph. Please select from GEARS.pert_list!
    [WARN] predict INO80+ctrl: ctrl is not in the perturbation graph. Please select from GEARS.pert_list!
    [WARN] predict INO80B+ctrl: ctrl is not in the perturbation graph. Please select from GEARS.pert_list!
    [WARN] predict INTS1+ctrl: ctrl is not in the perturbation graph. Please select from GEARS.pert_list!
    [WARN] predict INTS2+ctrl: ctrl is not in the perturbation graph. Please select from GEARS.pert_list!
    [WARN] predict INTS3+ctrl: ctrl is not in the perturbation graph. Please select from GEARS.pert_list!
    [WARN] predict INTS4+ctrl: ctrl is not in the perturbation graph. Please select from GEARS.pert_list!
    [WARN] predict INTS5+ctrl: ctrl is not in the perturbation graph. Please select from GEARS.pert_list!
    [WARN] predict INTS6+ctrl: ctrl is not in the perturbation graph. Please select from GEARS.pert_list!
    [WARN] predict INTS7+ctrl: ctrl is not in the perturbation graph. Please select from GEARS.pert_list!
    [WARN] predict INTS8+ctrl: ctrl is not in the perturbation graph. Please select from GEARS.pert_list!
    [WARN] predict INTS9+ctrl: ctrl is not in the perturbation graph. Please select from GEARS.pert_list!
    [WARN] predict IPO13+ctrl: ctrl is not in the perturbation graph. Please select from GEARS.pert_list!
    [WARN] predict IPO9+ctrl: ctrl is not in the perturbation graph. Please select from GEARS.pert_list!
    [WARN] predict ISCU+ctrl: ctrl is not in the perturbation graph. Please select from GEARS.pert_list!
    [WARN] predict ISG20L2+ctrl: ctrl is not in the perturbation graph. Please select from GEARS.pert_list!
    [WARN] predict JAZF1+ctrl: ctrl is not in the perturbation graph. Please select from GEARS.pert_list!
    [WARN] predict KANSL1+ctrl: ctrl is not in the perturbation graph. Please select from GEARS.pert_list!
    [WARN] predict KANSL2+ctrl: ctrl is not in the perturbation graph. Please select from GEARS.pert_list!
    [WARN] predict KANSL3+ctrl: ctrl is not in the perturbation graph. Please select from GEARS.pert_list!
    [WARN] predict KARS+ctrl: ctrl is not in the perturbation graph. Please select from GEARS.pert_list!
    [WARN] predict KAT8+ctrl: ctrl is not in the perturbation graph. Please select from GEARS.pert_list!
    [WARN] predict KCTD10+ctrl: ctrl is not in the perturbation graph. Please select from GEARS.pert_list!
    [WARN] predict KIF20A+ctrl: ctrl is not in the perturbation graph. Please select from GEARS.pert_list!
    [WARN] predict KIN+ctrl: ctrl is not in the perturbation graph. Please select from GEARS.pert_list!
    [WARN] predict KPNB1+ctrl: ctrl is not in the perturbation graph. Please select from GEARS.pert_list!
    [WARN] predict KRI1+ctrl: ctrl is not in the perturbation graph. Please select from GEARS.pert_list!
    [WARN] predict KRR1+ctrl: ctrl is not in the perturbation graph. Please select from GEARS.pert_list!
    [WARN] predict LAMTOR2+ctrl: ctrl is not in the perturbation graph. Please select from GEARS.pert_list!
    [WARN] predict LAMTOR4+ctrl: ctrl is not in the perturbation graph. Please select from GEARS.pert_list!
    [WARN] predict LARS+ctrl: ctrl is not in the perturbation graph. Please select from GEARS.pert_list!
    [WARN] predict LAS1L+ctrl: ctrl is not in the perturbation graph. Please select from GEARS.pert_list!
    [WARN] predict LETM1+ctrl: ctrl is not in the perturbation graph. Please select from GEARS.pert_list!
    [WARN] predict LIN54+ctrl: ctrl is not in the perturbation graph. Please select from GEARS.pert_list!
    [WARN] predict LONP1+ctrl: ctrl is not in the perturbation graph. Please select from GEARS.pert_list!
    [WARN] predict LRPPRC+ctrl: ctrl is not in the perturbation graph. Please select from GEARS.pert_list!
    [WARN] predict LSG1+ctrl: ctrl is not in the perturbation graph. Please select from GEARS.pert_list!
    [WARN] predict LSM10+ctrl: ctrl is not in the perturbation graph. Please select from GEARS.pert_list!
    [WARN] predict LSM11+ctrl: ctrl is not in the perturbation graph. Please select from GEARS.pert_list!
    [WARN] predict LSM2+ctrl: ctrl is not in the perturbation graph. Please select from GEARS.pert_list!
    [WARN] predict LSM3+ctrl: ctrl is not in the perturbation graph. Please select from GEARS.pert_list!
    [WARN] predict LSM4+ctrl: ctrl is not in the perturbation graph. Please select from GEARS.pert_list!
    [WARN] predict LSM5+ctrl: ctrl is not in the perturbation graph. Please select from GEARS.pert_list!
    [WARN] predict LSM6+ctrl: ctrl is not in the perturbation graph. Please select from GEARS.pert_list!
    [WARN] predict LSM7+ctrl: ctrl is not in the perturbation graph. Please select from GEARS.pert_list!
    [WARN] predict LTV1+ctrl: ctrl is not in the perturbation graph. Please select from GEARS.pert_list!
    [WARN] predict LUC7L3+ctrl: ctrl is not in the perturbation graph. Please select from GEARS.pert_list!
    [WARN] predict MAD2L1+ctrl: ctrl is not in the perturbation graph. Please select from GEARS.pert_list!
    [WARN] predict MAGOH+ctrl: ctrl is not in the perturbation graph. Please select from GEARS.pert_list!
    [WARN] predict MAK16+ctrl: ctrl is not in the perturbation graph. Please select from GEARS.pert_list!
    [WARN] predict MARS+ctrl: ctrl is not in the perturbation graph. Please select from GEARS.pert_list!
    [WARN] predict MARS2+ctrl: ctrl is not in the perturbation graph. Please select from GEARS.pert_list!
    [WARN] predict MAT2A+ctrl: ctrl is not in the perturbation graph. Please select from GEARS.pert_list!
    [WARN] predict MAU2+ctrl: ctrl is not in the perturbation graph. Please select from GEARS.pert_list!
    [WARN] predict MAX+ctrl: ctrl is not in the perturbation graph. Please select from GEARS.pert_list!
    [WARN] predict MCM10+ctrl: ctrl is not in the perturbation graph. Please select from GEARS.pert_list!
    [WARN] predict MCM2+ctrl: ctrl is not in the perturbation graph. Please select from GEARS.pert_list!
    [WARN] predict MCM3+ctrl: ctrl is not in the perturbation graph. Please select from GEARS.pert_list!
    [WARN] predict MCM3AP+ctrl: ctrl is not in the perturbation graph. Please select from GEARS.pert_list!
    [WARN] predict MCM4+ctrl: ctrl is not in the perturbation graph. Please select from GEARS.pert_list!
    [WARN] predict MCM6+ctrl: ctrl is not in the perturbation graph. Please select from GEARS.pert_list!
    [WARN] predict MCMBP+ctrl: ctrl is not in the perturbation graph. Please select from GEARS.pert_list!
    [WARN] predict MDN1+ctrl: ctrl is not in the perturbation graph. Please select from GEARS.pert_list!
    [WARN] predict MED1+ctrl: ctrl is not in the perturbation graph. Please select from GEARS.pert_list!
    [WARN] predict MED10+ctrl: ctrl is not in the perturbation graph. Please select from GEARS.pert_list!
    [WARN] predict MED11+ctrl: ctrl is not in the perturbation graph. Please select from GEARS.pert_list!
    [WARN] predict MED12+ctrl: ctrl is not in the perturbation graph. Please select from GEARS.pert_list!
    [WARN] predict MED14+ctrl: ctrl is not in the perturbation graph. Please select from GEARS.pert_list!
    [WARN] predict MED17+ctrl: ctrl is not in the perturbation graph. Please select from GEARS.pert_list!
    [WARN] predict MED19+ctrl: ctrl is not in the perturbation graph. Please select from GEARS.pert_list!
    [WARN] predict MED20+ctrl: ctrl is not in the perturbation graph. Please select from GEARS.pert_list!
    [WARN] predict MED21+ctrl: ctrl is not in the perturbation graph. Please select from GEARS.pert_list!
    [WARN] predict MED22+ctrl: ctrl is not in the perturbation graph. Please select from GEARS.pert_list!
    [WARN] predict MED26+ctrl: ctrl is not in the perturbation graph. Please select from GEARS.pert_list!
    [WARN] predict MED28+ctrl: ctrl is not in the perturbation graph. Please select from GEARS.pert_list!
    [WARN] predict MED29+ctrl: ctrl is not in the perturbation graph. Please select from GEARS.pert_list!
    [WARN] predict MED30+ctrl: ctrl is not in the perturbation graph. Please select from GEARS.pert_list!
    [WARN] predict MED31+ctrl: ctrl is not in the perturbation graph. Please select from GEARS.pert_list!
    [WARN] predict MED4+ctrl: ctrl is not in the perturbation graph. Please select from GEARS.pert_list!
    [WARN] predict MED6+ctrl: ctrl is not in the perturbation graph. Please select from GEARS.pert_list!
    [WARN] predict MED7+ctrl: ctrl is not in the perturbation graph. Please select from GEARS.pert_list!
    [WARN] predict MED8+ctrl: ctrl is not in the perturbation graph. Please select from GEARS.pert_list!
    [WARN] predict MED9+ctrl: ctrl is not in the perturbation graph. Please select from GEARS.pert_list!
    [WARN] predict METAP2+ctrl: ctrl is not in the perturbation graph. Please select from GEARS.pert_list!
    [WARN] predict METTL14+ctrl: ctrl is not in the perturbation graph. Please select from GEARS.pert_list!
    [WARN] predict METTL16+ctrl: ctrl is not in the perturbation graph. Please select from GEARS.pert_list!
    [WARN] predict METTL3+ctrl: ctrl is not in the perturbation graph. Please select from GEARS.pert_list!
    [WARN] predict MEX3A+ctrl: ctrl is not in the perturbation graph. Please select from GEARS.pert_list!
    [WARN] predict MFAP1+ctrl: ctrl is not in the perturbation graph. Please select from GEARS.pert_list!
    [WARN] predict MICOS10+ctrl: ctrl is not in the perturbation graph. Please select from GEARS.pert_list!
    [WARN] predict MIOS+ctrl: ctrl is not in the perturbation graph. Please select from GEARS.pert_list!
    [WARN] predict MMS22L+ctrl: ctrl is not in the perturbation graph. Please select from GEARS.pert_list!
    [WARN] predict MNAT1+ctrl: ctrl is not in the perturbation graph. Please select from GEARS.pert_list!
    [WARN] predict MOB4+ctrl: ctrl is not in the perturbation graph. Please select from GEARS.pert_list!
    [WARN] predict MPHOSPH10+ctrl: ctrl is not in the perturbation graph. Please select from GEARS.pert_list!
    [WARN] predict MRGBP+ctrl: ctrl is not in the perturbation graph. Please select from GEARS.pert_list!
    [WARN] predict MRPL10+ctrl: ctrl is not in the perturbation graph. Please select from GEARS.pert_list!
    [WARN] predict MRPL13+ctrl: ctrl is not in the perturbation graph. Please select from GEARS.pert_list!
    [WARN] predict MRPL14+ctrl: ctrl is not in the perturbation graph. Please select from GEARS.pert_list!
    [WARN] predict MRPL16+ctrl: ctrl is not in the perturbation graph. Please select from GEARS.pert_list!
    [WARN] predict MRPL17+ctrl: ctrl is not in the perturbation graph. Please select from GEARS.pert_list!
    [WARN] predict MRPL18+ctrl: ctrl is not in the perturbation graph. Please select from GEARS.pert_list!
    [WARN] predict MRPL19+ctrl: ctrl is not in the perturbation graph. Please select from GEARS.pert_list!
    [WARN] predict MRPL2+ctrl: ctrl is not in the perturbation graph. Please select from GEARS.pert_list!
    [WARN] predict MRPL22+ctrl: ctrl is not in the perturbation graph. Please select from GEARS.pert_list!
    [WARN] predict MRPL24+ctrl: ctrl is not in the perturbation graph. Please select from GEARS.pert_list!
    [WARN] predict MRPL27+ctrl: ctrl is not in the perturbation graph. Please select from GEARS.pert_list!
    [WARN] predict MRPL3+ctrl: ctrl is not in the perturbation graph. Please select from GEARS.pert_list!
    [WARN] predict MRPL32+ctrl: ctrl is not in the perturbation graph. Please select from GEARS.pert_list!
    [WARN] predict MRPL33+ctrl: ctrl is not in the perturbation graph. Please select from GEARS.pert_list!
    [WARN] predict MRPL35+ctrl: ctrl is not in the perturbation graph. Please select from GEARS.pert_list!
    [WARN] predict MRPL36+ctrl: ctrl is not in the perturbation graph. Please select from GEARS.pert_list!
    [WARN] predict MRPL37+ctrl: ctrl is not in the perturbation graph. Please select from GEARS.pert_list!
    [WARN] predict MRPL38+ctrl: ctrl is not in the perturbation graph. Please select from GEARS.pert_list!
    [WARN] predict MRPL39+ctrl: ctrl is not in the perturbation graph. Please select from GEARS.pert_list!
    [WARN] predict MRPL4+ctrl: ctrl is not in the perturbation graph. Please select from GEARS.pert_list!
    [WARN] predict MRPL41+ctrl: ctrl is not in the perturbation graph. Please select from GEARS.pert_list!
    [WARN] predict MRPL43+ctrl: ctrl is not in the perturbation graph. Please select from GEARS.pert_list!
    [WARN] predict MRPL49+ctrl: ctrl is not in the perturbation graph. Please select from GEARS.pert_list!
    [WARN] predict MRPL50+ctrl: ctrl is not in the perturbation graph. Please select from GEARS.pert_list!
    [WARN] predict MRPL51+ctrl: ctrl is not in the perturbation graph. Please select from GEARS.pert_list!
    [WARN] predict MRPL53+ctrl: ctrl is not in the perturbation graph. Please select from GEARS.pert_list!
    [WARN] predict MRPL54+ctrl: ctrl is not in the perturbation graph. Please select from GEARS.pert_list!
    [WARN] predict MRPL55+ctrl: ctrl is not in the perturbation graph. Please select from GEARS.pert_list!
    [WARN] predict MRPS10+ctrl: ctrl is not in the perturbation graph. Please select from GEARS.pert_list!
    [WARN] predict MRPS11+ctrl: ctrl is not in the perturbation graph. Please select from GEARS.pert_list!
    [WARN] predict MRPS14+ctrl: ctrl is not in the perturbation graph. Please select from GEARS.pert_list!
    [WARN] predict MRPS18A+ctrl: ctrl is not in the perturbation graph. Please select from GEARS.pert_list!
    [WARN] predict MRPS2+ctrl: ctrl is not in the perturbation graph. Please select from GEARS.pert_list!
    [WARN] predict MRPS21+ctrl: ctrl is not in the perturbation graph. Please select from GEARS.pert_list!
    [WARN] predict MRPS22+ctrl: ctrl is not in the perturbation graph. Please select from GEARS.pert_list!
    [WARN] predict MRPS23+ctrl: ctrl is not in the perturbation graph. Please select from GEARS.pert_list!
    [WARN] predict MRPS24+ctrl: ctrl is not in the perturbation graph. Please select from GEARS.pert_list!
    [WARN] predict MRPS26+ctrl: ctrl is not in the perturbation graph. Please select from GEARS.pert_list!
    [WARN] predict MRPS27+ctrl: ctrl is not in the perturbation graph. Please select from GEARS.pert_list!
    [WARN] predict MRPS28+ctrl: ctrl is not in the perturbation graph. Please select from GEARS.pert_list!
    [WARN] predict MRPS34+ctrl: ctrl is not in the perturbation graph. Please select from GEARS.pert_list!
    [WARN] predict MRPS35+ctrl: ctrl is not in the perturbation graph. Please select from GEARS.pert_list!
    [WARN] predict MRPS7+ctrl: ctrl is not in the perturbation graph. Please select from GEARS.pert_list!
    [WARN] predict MRPS9+ctrl: ctrl is not in the perturbation graph. Please select from GEARS.pert_list!
    [WARN] predict MTBP+ctrl: ctrl is not in the perturbation graph. Please select from GEARS.pert_list!
    [WARN] predict MTOR+ctrl: ctrl is not in the perturbation graph. Please select from GEARS.pert_list!
    [WARN] predict MTPAP+ctrl: ctrl is not in the perturbation graph. Please select from GEARS.pert_list!
    [WARN] predict MVD+ctrl: ctrl is not in the perturbation graph. Please select from GEARS.pert_list!
    [WARN] predict MYBBP1A+ctrl: ctrl is not in the perturbation graph. Please select from GEARS.pert_list!
    [WARN] predict MYBL2+ctrl: ctrl is not in the perturbation graph. Please select from GEARS.pert_list!
    [WARN] predict MZT1+ctrl: ctrl is not in the perturbation graph. Please select from GEARS.pert_list!
    [WARN] predict N6AMT1+ctrl: ctrl is not in the perturbation graph. Please select from GEARS.pert_list!
    [WARN] predict NAA10+ctrl: ctrl is not in the perturbation graph. Please select from GEARS.pert_list!
    [WARN] predict NAA15+ctrl: ctrl is not in the perturbation graph. Please select from GEARS.pert_list!
    [WARN] predict NAA20+ctrl: ctrl is not in the perturbation graph. Please select from GEARS.pert_list!
    [WARN] predict NAA25+ctrl: ctrl is not in the perturbation graph. Please select from GEARS.pert_list!
    [WARN] predict NACA+ctrl: ctrl is not in the perturbation graph. Please select from GEARS.pert_list!
    [WARN] predict NAE1+ctrl: ctrl is not in the perturbation graph. Please select from GEARS.pert_list!
    [WARN] predict NARS+ctrl: ctrl is not in the perturbation graph. Please select from GEARS.pert_list!
    [WARN] predict NAT10+ctrl: ctrl is not in the perturbation graph. Please select from GEARS.pert_list!
    [WARN] predict NBAS+ctrl: ctrl is not in the perturbation graph. Please select from GEARS.pert_list!
    [WARN] predict NCAPH+ctrl: ctrl is not in the perturbation graph. Please select from GEARS.pert_list!
    [WARN] predict NCBP1+ctrl: ctrl is not in the perturbation graph. Please select from GEARS.pert_list!
    [WARN] predict NCBP2+ctrl: ctrl is not in the perturbation graph. Please select from GEARS.pert_list!
    [WARN] predict NCKAP1+ctrl: ctrl is not in the perturbation graph. Please select from GEARS.pert_list!
    [WARN] predict NCL+ctrl: ctrl is not in the perturbation graph. Please select from GEARS.pert_list!
    [WARN] predict NDC80+ctrl: ctrl is not in the perturbation graph. Please select from GEARS.pert_list!
    [WARN] predict NDUFA2+ctrl: ctrl is not in the perturbation graph. Please select from GEARS.pert_list!
    [WARN] predict NDUFA6+ctrl: ctrl is not in the perturbation graph. Please select from GEARS.pert_list!
    [WARN] predict NDUFA8+ctrl: ctrl is not in the perturbation graph. Please select from GEARS.pert_list!
    [WARN] predict NDUFAB1+ctrl: ctrl is not in the perturbation graph. Please select from GEARS.pert_list!
    [WARN] predict NDUFB10+ctrl: ctrl is not in the perturbation graph. Please select from GEARS.pert_list!
    [WARN] predict NDUFB4+ctrl: ctrl is not in the perturbation graph. Please select from GEARS.pert_list!
    [WARN] predict NDUFB8+ctrl: ctrl is not in the perturbation graph. Please select from GEARS.pert_list!
    [WARN] predict NEDD1+ctrl: ctrl is not in the perturbation graph. Please select from GEARS.pert_list!
    [WARN] predict NEDD8+ctrl: ctrl is not in the perturbation graph. Please select from GEARS.pert_list!
    [WARN] predict NELFA+ctrl: ctrl is not in the perturbation graph. Please select from GEARS.pert_list!
    [WARN] predict NELFB+ctrl: ctrl is not in the perturbation graph. Please select from GEARS.pert_list!
    [WARN] predict NELFCD+ctrl: ctrl is not in the perturbation graph. Please select from GEARS.pert_list!
    [WARN] predict NELFE+ctrl: ctrl is not in the perturbation graph. Please select from GEARS.pert_list!
    [WARN] predict NEPRO+ctrl: ctrl is not in the perturbation graph. Please select from GEARS.pert_list!
    [WARN] predict NFRKB+ctrl: ctrl is not in the perturbation graph. Please select from GEARS.pert_list!
    [WARN] predict NFS1+ctrl: ctrl is not in the perturbation graph. Please select from GEARS.pert_list!
    [WARN] predict NIFK+ctrl: ctrl is not in the perturbation graph. Please select from GEARS.pert_list!
    [WARN] predict NIP7+ctrl: ctrl is not in the perturbation graph. Please select from GEARS.pert_list!
    [WARN] predict NKAP+ctrl: ctrl is not in the perturbation graph. Please select from GEARS.pert_list!
    [WARN] predict NLE1+ctrl: ctrl is not in the perturbation graph. Please select from GEARS.pert_list!
    [WARN] predict NMD3+ctrl: ctrl is not in the perturbation graph. Please select from GEARS.pert_list!
    [WARN] predict NOB1+ctrl: ctrl is not in the perturbation graph. Please select from GEARS.pert_list!
    [WARN] predict NOC3L+ctrl: ctrl is not in the perturbation graph. Please select from GEARS.pert_list!
    [WARN] predict NOC4L+ctrl: ctrl is not in the perturbation graph. Please select from GEARS.pert_list!
    [WARN] predict NOL11+ctrl: ctrl is not in the perturbation graph. Please select from GEARS.pert_list!
    [WARN] predict NOL12+ctrl: ctrl is not in the perturbation graph. Please select from GEARS.pert_list!
    [WARN] predict NOL6+ctrl: ctrl is not in the perturbation graph. Please select from GEARS.pert_list!
    [WARN] predict NOL8+ctrl: ctrl is not in the perturbation graph. Please select from GEARS.pert_list!
    [WARN] predict NOLC1+ctrl: ctrl is not in the perturbation graph. Please select from GEARS.pert_list!
    [WARN] predict NOM1+ctrl: ctrl is not in the perturbation graph. Please select from GEARS.pert_list!
    [WARN] predict NOP10+ctrl: ctrl is not in the perturbation graph. Please select from GEARS.pert_list!
    [WARN] predict NOP14+ctrl: ctrl is not in the perturbation graph. Please select from GEARS.pert_list!
    [WARN] predict NOP16+ctrl: ctrl is not in the perturbation graph. Please select from GEARS.pert_list!
    [WARN] predict NOP2+ctrl: ctrl is not in the perturbation graph. Please select from GEARS.pert_list!
    [WARN] predict NOP58+ctrl: ctrl is not in the perturbation graph. Please select from GEARS.pert_list!
    [WARN] predict NPLOC4+ctrl: ctrl is not in the perturbation graph. Please select from GEARS.pert_list!
    [WARN] predict NRBP1+ctrl: ctrl is not in the perturbation graph. Please select from GEARS.pert_list!
    [WARN] predict NRDE2+ctrl: ctrl is not in the perturbation graph. Please select from GEARS.pert_list!
    [WARN] predict NRF1+ctrl: ctrl is not in the perturbation graph. Please select from GEARS.pert_list!
    [WARN] predict NSA2+ctrl: ctrl is not in the perturbation graph. Please select from GEARS.pert_list!
    [WARN] predict NSRP1+ctrl: ctrl is not in the perturbation graph. Please select from GEARS.pert_list!
    [WARN] predict NUBP1+ctrl: ctrl is not in the perturbation graph. Please select from GEARS.pert_list!
    [WARN] predict NUDC+ctrl: ctrl is not in the perturbation graph. Please select from GEARS.pert_list!
    [WARN] predict NUDCD3+ctrl: ctrl is not in the perturbation graph. Please select from GEARS.pert_list!
    [WARN] predict NUDT21+ctrl: ctrl is not in the perturbation graph. Please select from GEARS.pert_list!
    [WARN] predict NUF2+ctrl: ctrl is not in the perturbation graph. Please select from GEARS.pert_list!
    [WARN] predict NUFIP1+ctrl: ctrl is not in the perturbation graph. Please select from GEARS.pert_list!
    [WARN] predict NUMA1+ctrl: ctrl is not in the perturbation graph. Please select from GEARS.pert_list!
    [WARN] predict NUP107+ctrl: ctrl is not in the perturbation graph. Please select from GEARS.pert_list!
    [WARN] predict NUP133+ctrl: ctrl is not in the perturbation graph. Please select from GEARS.pert_list!
    [WARN] predict NUP160+ctrl: ctrl is not in the perturbation graph. Please select from GEARS.pert_list!
    [WARN] predict NUP54+ctrl: ctrl is not in the perturbation graph. Please select from GEARS.pert_list!
    [WARN] predict NUP62+ctrl: ctrl is not in the perturbation graph. Please select from GEARS.pert_list!
    [WARN] predict NUP85+ctrl: ctrl is not in the perturbation graph. Please select from GEARS.pert_list!
    [WARN] predict NUP88+ctrl: ctrl is not in the perturbation graph. Please select from GEARS.pert_list!
    [WARN] predict NUP98+ctrl: ctrl is not in the perturbation graph. Please select from GEARS.pert_list!
    [WARN] predict NUTF2+ctrl: ctrl is not in the perturbation graph. Please select from GEARS.pert_list!
    [WARN] predict NVL+ctrl: ctrl is not in the perturbation graph. Please select from GEARS.pert_list!
    [WARN] predict OGFOD1+ctrl: ctrl is not in the perturbation graph. Please select from GEARS.pert_list!
    [WARN] predict OGT+ctrl: ctrl is not in the perturbation graph. Please select from GEARS.pert_list!
    [WARN] predict OPA1+ctrl: ctrl is not in the perturbation graph. Please select from GEARS.pert_list!
    [WARN] predict ORC1+ctrl: ctrl is not in the perturbation graph. Please select from GEARS.pert_list!
    [WARN] predict ORC5+ctrl: ctrl is not in the perturbation graph. Please select from GEARS.pert_list!
    [WARN] predict OXA1L+ctrl: ctrl is not in the perturbation graph. Please select from GEARS.pert_list!
    [WARN] predict PABPN1+ctrl: ctrl is not in the perturbation graph. Please select from GEARS.pert_list!
    [WARN] predict PAF1+ctrl: ctrl is not in the perturbation graph. Please select from GEARS.pert_list!
    [WARN] predict PAM16+ctrl: ctrl is not in the perturbation graph. Please select from GEARS.pert_list!
    [WARN] predict PAXBP1+ctrl: ctrl is not in the perturbation graph. Please select from GEARS.pert_list!
    [WARN] predict PCBP1+ctrl: ctrl is not in the perturbation graph. Please select from GEARS.pert_list!
    [WARN] predict PCF11+ctrl: ctrl is not in the perturbation graph. Please select from GEARS.pert_list!
    [WARN] predict PCID2+ctrl: ctrl is not in the perturbation graph. Please select from GEARS.pert_list!
    [WARN] predict PCNA+ctrl: ctrl is not in the perturbation graph. Please select from GEARS.pert_list!
    [WARN] predict PDAP1+ctrl: ctrl is not in the perturbation graph. Please select from GEARS.pert_list!
    [WARN] predict PDCD11+ctrl: ctrl is not in the perturbation graph. Please select from GEARS.pert_list!
    [WARN] predict PDCD2+ctrl: ctrl is not in the perturbation graph. Please select from GEARS.pert_list!
    [WARN] predict PDCD7+ctrl: ctrl is not in the perturbation graph. Please select from GEARS.pert_list!
    [WARN] predict PDRG1+ctrl: ctrl is not in the perturbation graph. Please select from GEARS.pert_list!
    [WARN] predict PELO+ctrl: ctrl is not in the perturbation graph. Please select from GEARS.pert_list!
    [WARN] predict PELP1+ctrl: ctrl is not in the perturbation graph. Please select from GEARS.pert_list!
    [WARN] predict PES1+ctrl: ctrl is not in the perturbation graph. Please select from GEARS.pert_list!
    [WARN] predict PET117+ctrl: ctrl is not in the perturbation graph. Please select from GEARS.pert_list!
    [WARN] predict PFDN2+ctrl: ctrl is not in the perturbation graph. Please select from GEARS.pert_list!
    [WARN] predict PFN1+ctrl: ctrl is not in the perturbation graph. Please select from GEARS.pert_list!
    [WARN] predict PGAM1+ctrl: ctrl is not in the perturbation graph. Please select from GEARS.pert_list!
    [WARN] predict PGD+ctrl: ctrl is not in the perturbation graph. Please select from GEARS.pert_list!
    [WARN] predict PGPEP1+ctrl: ctrl is not in the perturbation graph. Please select from GEARS.pert_list!
    [WARN] predict PHAX+ctrl: ctrl is not in the perturbation graph. Please select from GEARS.pert_list!
    [WARN] predict PHB+ctrl: ctrl is not in the perturbation graph. Please select from GEARS.pert_list!
    [WARN] predict PHB2+ctrl: ctrl is not in the perturbation graph. Please select from GEARS.pert_list!
    [WARN] predict PHF5A+ctrl: ctrl is not in the perturbation graph. Please select from GEARS.pert_list!
    [WARN] predict PIAS4+ctrl: ctrl is not in the perturbation graph. Please select from GEARS.pert_list!
    [WARN] predict PKM+ctrl: ctrl is not in the perturbation graph. Please select from GEARS.pert_list!
    [WARN] predict PLRG1+ctrl: ctrl is not in the perturbation graph. Please select from GEARS.pert_list!
    [WARN] predict PMF1+ctrl: ctrl is not in the perturbation graph. Please select from GEARS.pert_list!
    [WARN] predict PMPCA+ctrl: ctrl is not in the perturbation graph. Please select from GEARS.pert_list!
    [WARN] predict PMPCB+ctrl: ctrl is not in the perturbation graph. Please select from GEARS.pert_list!
    [WARN] predict PNISR+ctrl: ctrl is not in the perturbation graph. Please select from GEARS.pert_list!
    [WARN] predict PNN+ctrl: ctrl is not in the perturbation graph. Please select from GEARS.pert_list!
    [WARN] predict PNO1+ctrl: ctrl is not in the perturbation graph. Please select from GEARS.pert_list!
    [WARN] predict PNPT1+ctrl: ctrl is not in the perturbation graph. Please select from GEARS.pert_list!
    [WARN] predict POLA1+ctrl: ctrl is not in the perturbation graph. Please select from GEARS.pert_list!
    [WARN] predict POLA2+ctrl: ctrl is not in the perturbation graph. Please select from GEARS.pert_list!
    [WARN] predict POLD1+ctrl: ctrl is not in the perturbation graph. Please select from GEARS.pert_list!
    [WARN] predict POLD2+ctrl: ctrl is not in the perturbation graph. Please select from GEARS.pert_list!
    [WARN] predict POLD3+ctrl: ctrl is not in the perturbation graph. Please select from GEARS.pert_list!
    [WARN] predict POLE+ctrl: ctrl is not in the perturbation graph. Please select from GEARS.pert_list!
    [WARN] predict POLR1A+ctrl: ctrl is not in the perturbation graph. Please select from GEARS.pert_list!
    [WARN] predict POLR1B+ctrl: ctrl is not in the perturbation graph. Please select from GEARS.pert_list!
    [WARN] predict POLR1C+ctrl: ctrl is not in the perturbation graph. Please select from GEARS.pert_list!
    [WARN] predict POLR1E+ctrl: ctrl is not in the perturbation graph. Please select from GEARS.pert_list!
    [WARN] predict POLR2A+ctrl: ctrl is not in the perturbation graph. Please select from GEARS.pert_list!
    [WARN] predict POLR2B+ctrl: ctrl is not in the perturbation graph. Please select from GEARS.pert_list!
    [WARN] predict POLR2C+ctrl: ctrl is not in the perturbation graph. Please select from GEARS.pert_list!
    [WARN] predict POLR2D+ctrl: ctrl is not in the perturbation graph. Please select from GEARS.pert_list!
    [WARN] predict POLR2E+ctrl: ctrl is not in the perturbation graph. Please select from GEARS.pert_list!
    [WARN] predict POLR2F+ctrl: ctrl is not in the perturbation graph. Please select from GEARS.pert_list!
    [WARN] predict POLR2G+ctrl: ctrl is not in the perturbation graph. Please select from GEARS.pert_list!
    [WARN] predict POLR2H+ctrl: ctrl is not in the perturbation graph. Please select from GEARS.pert_list!
    [WARN] predict POLR2I+ctrl: ctrl is not in the perturbation graph. Please select from GEARS.pert_list!
    [WARN] predict POLR2L+ctrl: ctrl is not in the perturbation graph. Please select from GEARS.pert_list!
    [WARN] predict POLR3B+ctrl: ctrl is not in the perturbation graph. Please select from GEARS.pert_list!
    [WARN] predict POLR3C+ctrl: ctrl is not in the perturbation graph. Please select from GEARS.pert_list!
    [WARN] predict POLR3D+ctrl: ctrl is not in the perturbation graph. Please select from GEARS.pert_list!
    [WARN] predict POLR3E+ctrl: ctrl is not in the perturbation graph. Please select from GEARS.pert_list!
    [WARN] predict POLR3F+ctrl: ctrl is not in the perturbation graph. Please select from GEARS.pert_list!
    [WARN] predict POLRMT+ctrl: ctrl is not in the perturbation graph. Please select from GEARS.pert_list!
    [WARN] predict POP1+ctrl: ctrl is not in the perturbation graph. Please select from GEARS.pert_list!
    [WARN] predict POP4+ctrl: ctrl is not in the perturbation graph. Please select from GEARS.pert_list!
    [WARN] predict POP5+ctrl: ctrl is not in the perturbation graph. Please select from GEARS.pert_list!
    [WARN] predict POP7+ctrl: ctrl is not in the perturbation graph. Please select from GEARS.pert_list!
    [WARN] predict PPAN+ctrl: ctrl is not in the perturbation graph. Please select from GEARS.pert_list!
    [WARN] predict PPARGC1B+ctrl: ctrl is not in the perturbation graph. Please select from GEARS.pert_list!
    [WARN] predict PPIE+ctrl: ctrl is not in the perturbation graph. Please select from GEARS.pert_list!
    [WARN] predict PPIH+ctrl: ctrl is not in the perturbation graph. Please select from GEARS.pert_list!
    [WARN] predict PPIL4+ctrl: ctrl is not in the perturbation graph. Please select from GEARS.pert_list!
    [WARN] predict PPP1CA+ctrl: ctrl is not in the perturbation graph. Please select from GEARS.pert_list!
    [WARN] predict PPP1R11+ctrl: ctrl is not in the perturbation graph. Please select from GEARS.pert_list!
    [WARN] predict PPP1R8+ctrl: ctrl is not in the perturbation graph. Please select from GEARS.pert_list!
    [WARN] predict PPP2R1A+ctrl: ctrl is not in the perturbation graph. Please select from GEARS.pert_list!
    [WARN] predict PPP4C+ctrl: ctrl is not in the perturbation graph. Please select from GEARS.pert_list!
    [WARN] predict PPP4R2+ctrl: ctrl is not in the perturbation graph. Please select from GEARS.pert_list!
    [WARN] predict PPRC1+ctrl: ctrl is not in the perturbation graph. Please select from GEARS.pert_list!
    [WARN] predict PRELID1+ctrl: ctrl is not in the perturbation graph. Please select from GEARS.pert_list!
    [WARN] predict PRELID3B+ctrl: ctrl is not in the perturbation graph. Please select from GEARS.pert_list!
    [WARN] predict PRIM1+ctrl: ctrl is not in the perturbation graph. Please select from GEARS.pert_list!
    [WARN] predict PRIM2+ctrl: ctrl is not in the perturbation graph. Please select from GEARS.pert_list!
    [WARN] predict PRMT1+ctrl: ctrl is not in the perturbation graph. Please select from GEARS.pert_list!
    [WARN] predict PRMT5+ctrl: ctrl is not in the perturbation graph. Please select from GEARS.pert_list!
    [WARN] predict PRPF18+ctrl: ctrl is not in the perturbation graph. Please select from GEARS.pert_list!
    [WARN] predict PRPF19+ctrl: ctrl is not in the perturbation graph. Please select from GEARS.pert_list!
    [WARN] predict PRPF3+ctrl: ctrl is not in the perturbation graph. Please select from GEARS.pert_list!
    [WARN] predict PRPF31+ctrl: ctrl is not in the perturbation graph. Please select from GEARS.pert_list!
    [WARN] predict PRPF4+ctrl: ctrl is not in the perturbation graph. Please select from GEARS.pert_list!
    [WARN] predict PRPF40A+ctrl: ctrl is not in the perturbation graph. Please select from GEARS.pert_list!
    [WARN] predict PRPF4B+ctrl: ctrl is not in the perturbation graph. Please select from GEARS.pert_list!
    [WARN] predict PRPF6+ctrl: ctrl is not in the perturbation graph. Please select from GEARS.pert_list!
    [WARN] predict PRPF8+ctrl: ctrl is not in the perturbation graph. Please select from GEARS.pert_list!
    [WARN] predict PRRC2A+ctrl: ctrl is not in the perturbation graph. Please select from GEARS.pert_list!
    [WARN] predict PSMA1+ctrl: ctrl is not in the perturbation graph. Please select from GEARS.pert_list!
    [WARN] predict PSMA2+ctrl: ctrl is not in the perturbation graph. Please select from GEARS.pert_list!
    [WARN] predict PSMA3+ctrl: ctrl is not in the perturbation graph. Please select from GEARS.pert_list!
    [WARN] predict PSMA4+ctrl: ctrl is not in the perturbation graph. Please select from GEARS.pert_list!
    [WARN] predict PSMA6+ctrl: ctrl is not in the perturbation graph. Please select from GEARS.pert_list!
    [WARN] predict PSMA7+ctrl: ctrl is not in the perturbation graph. Please select from GEARS.pert_list!
    [WARN] predict PSMB1+ctrl: ctrl is not in the perturbation graph. Please select from GEARS.pert_list!
    [WARN] predict PSMB2+ctrl: ctrl is not in the perturbation graph. Please select from GEARS.pert_list!
    [WARN] predict PSMB3+ctrl: ctrl is not in the perturbation graph. Please select from GEARS.pert_list!
    [WARN] predict PSMB5+ctrl: ctrl is not in the perturbation graph. Please select from GEARS.pert_list!
    [WARN] predict PSMB6+ctrl: ctrl is not in the perturbation graph. Please select from GEARS.pert_list!
    [WARN] predict PSMB7+ctrl: ctrl is not in the perturbation graph. Please select from GEARS.pert_list!
    [WARN] predict PSMC1+ctrl: ctrl is not in the perturbation graph. Please select from GEARS.pert_list!
    [WARN] predict PSMC2+ctrl: ctrl is not in the perturbation graph. Please select from GEARS.pert_list!
    [WARN] predict PSMC3+ctrl: ctrl is not in the perturbation graph. Please select from GEARS.pert_list!
    [WARN] predict PSMC4+ctrl: ctrl is not in the perturbation graph. Please select from GEARS.pert_list!
    [WARN] predict PSMC6+ctrl: ctrl is not in the perturbation graph. Please select from GEARS.pert_list!
    [WARN] predict PSMD1+ctrl: ctrl is not in the perturbation graph. Please select from GEARS.pert_list!
    [WARN] predict PSMD11+ctrl: ctrl is not in the perturbation graph. Please select from GEARS.pert_list!
    [WARN] predict PSMD12+ctrl: ctrl is not in the perturbation graph. Please select from GEARS.pert_list!
    [WARN] predict PSMD13+ctrl: ctrl is not in the perturbation graph. Please select from GEARS.pert_list!
    [WARN] predict PSMD2+ctrl: ctrl is not in the perturbation graph. Please select from GEARS.pert_list!
    [WARN] predict PSMD3+ctrl: ctrl is not in the perturbation graph. Please select from GEARS.pert_list!
    [WARN] predict PSMD4+ctrl: ctrl is not in the perturbation graph. Please select from GEARS.pert_list!
    [WARN] predict PSMD6+ctrl: ctrl is not in the perturbation graph. Please select from GEARS.pert_list!
    [WARN] predict PSMD7+ctrl: ctrl is not in the perturbation graph. Please select from GEARS.pert_list!
    [WARN] predict PSMG3+ctrl: ctrl is not in the perturbation graph. Please select from GEARS.pert_list!
    [WARN] predict PSMG4+ctrl: ctrl is not in the perturbation graph. Please select from GEARS.pert_list!
    [WARN] predict PTBP1+ctrl: ctrl is not in the perturbation graph. Please select from GEARS.pert_list!
    [WARN] predict PTCD1+ctrl: ctrl is not in the perturbation graph. Please select from GEARS.pert_list!
    [WARN] predict PUF60+ctrl: ctrl is not in the perturbation graph. Please select from GEARS.pert_list!
    [WARN] predict PWP2+ctrl: ctrl is not in the perturbation graph. Please select from GEARS.pert_list!
    [WARN] predict QARS+ctrl: ctrl is not in the perturbation graph. Please select from GEARS.pert_list!
    [WARN] predict RABGGTA+ctrl: ctrl is not in the perturbation graph. Please select from GEARS.pert_list!
    [WARN] predict RACGAP1+ctrl: ctrl is not in the perturbation graph. Please select from GEARS.pert_list!
    [WARN] predict RAD21+ctrl: ctrl is not in the perturbation graph. Please select from GEARS.pert_list!
    [WARN] predict RAD51+ctrl: ctrl is not in the perturbation graph. Please select from GEARS.pert_list!
    [WARN] predict RAD51C+ctrl: ctrl is not in the perturbation graph. Please select from GEARS.pert_list!
    [WARN] predict RAE1+ctrl: ctrl is not in the perturbation graph. Please select from GEARS.pert_list!
    [WARN] predict RAN+ctrl: ctrl is not in the perturbation graph. Please select from GEARS.pert_list!
    [WARN] predict RANGAP1+ctrl: ctrl is not in the perturbation graph. Please select from GEARS.pert_list!
    [WARN] predict RARS+ctrl: ctrl is not in the perturbation graph. Please select from GEARS.pert_list!
    [WARN] predict RARS2+ctrl: ctrl is not in the perturbation graph. Please select from GEARS.pert_list!
    [WARN] predict RBBP4+ctrl: ctrl is not in the perturbation graph. Please select from GEARS.pert_list!
    [WARN] predict RBBP6+ctrl: ctrl is not in the perturbation graph. Please select from GEARS.pert_list!
    [WARN] predict RBBP8+ctrl: ctrl is not in the perturbation graph. Please select from GEARS.pert_list!
    [WARN] predict RBM14+ctrl: ctrl is not in the perturbation graph. Please select from GEARS.pert_list!
    [WARN] predict RBM17+ctrl: ctrl is not in the perturbation graph. Please select from GEARS.pert_list!
    [WARN] predict RBM19+ctrl: ctrl is not in the perturbation graph. Please select from GEARS.pert_list!
    [WARN] predict RBM25+ctrl: ctrl is not in the perturbation graph. Please select from GEARS.pert_list!
    [WARN] predict RBM28+ctrl: ctrl is not in the perturbation graph. Please select from GEARS.pert_list!
    [WARN] predict RBM39+ctrl: ctrl is not in the perturbation graph. Please select from GEARS.pert_list!
    [WARN] predict RBM4+ctrl: ctrl is not in the perturbation graph. Please select from GEARS.pert_list!
    [WARN] predict RBM42+ctrl: ctrl is not in the perturbation graph. Please select from GEARS.pert_list!
    [WARN] predict RBM48+ctrl: ctrl is not in the perturbation graph. Please select from GEARS.pert_list!
    [WARN] predict RBM8A+ctrl: ctrl is not in the perturbation graph. Please select from GEARS.pert_list!
    [WARN] predict RBMX+ctrl: ctrl is not in the perturbation graph. Please select from GEARS.pert_list!
    [WARN] predict RBMX2+ctrl: ctrl is not in the perturbation graph. Please select from GEARS.pert_list!
    [WARN] predict RBX1+ctrl: ctrl is not in the perturbation graph. Please select from GEARS.pert_list!
    [WARN] predict RCC1+ctrl: ctrl is not in the perturbation graph. Please select from GEARS.pert_list!
    [WARN] predict RCL1+ctrl: ctrl is not in the perturbation graph. Please select from GEARS.pert_list!
    [WARN] predict REXO2+ctrl: ctrl is not in the perturbation graph. Please select from GEARS.pert_list!
    [WARN] predict RFC1+ctrl: ctrl is not in the perturbation graph. Please select from GEARS.pert_list!
    [WARN] predict RFC2+ctrl: ctrl is not in the perturbation graph. Please select from GEARS.pert_list!
    [WARN] predict RFC3+ctrl: ctrl is not in the perturbation graph. Please select from GEARS.pert_list!
    [WARN] predict RFC4+ctrl: ctrl is not in the perturbation graph. Please select from GEARS.pert_list!
    [WARN] predict RFC5+ctrl: ctrl is not in the perturbation graph. Please select from GEARS.pert_list!
    [WARN] predict RINT1+ctrl: ctrl is not in the perturbation graph. Please select from GEARS.pert_list!
    [WARN] predict RIOK1+ctrl: ctrl is not in the perturbation graph. Please select from GEARS.pert_list!
    [WARN] predict RIOK2+ctrl: ctrl is not in the perturbation graph. Please select from GEARS.pert_list!
    [WARN] predict RMI1+ctrl: ctrl is not in the perturbation graph. Please select from GEARS.pert_list!
    [WARN] predict RNASEH2C+ctrl: ctrl is not in the perturbation graph. Please select from GEARS.pert_list!
    [WARN] predict RNF113A+ctrl: ctrl is not in the perturbation graph. Please select from GEARS.pert_list!
    [WARN] predict RNF20+ctrl: ctrl is not in the perturbation graph. Please select from GEARS.pert_list!
    [WARN] predict RNF40+ctrl: ctrl is not in the perturbation graph. Please select from GEARS.pert_list!
    [WARN] predict RNGTT+ctrl: ctrl is not in the perturbation graph. Please select from GEARS.pert_list!
    [WARN] predict RNMT+ctrl: ctrl is not in the perturbation graph. Please select from GEARS.pert_list!
    [WARN] predict RNPC3+ctrl: ctrl is not in the perturbation graph. Please select from GEARS.pert_list!
    [WARN] predict RNPS1+ctrl: ctrl is not in the perturbation graph. Please select from GEARS.pert_list!
    [WARN] predict ROMO1+ctrl: ctrl is not in the perturbation graph. Please select from GEARS.pert_list!
    [WARN] predict RPA1+ctrl: ctrl is not in the perturbation graph. Please select from GEARS.pert_list!
    [WARN] predict RPA2+ctrl: ctrl is not in the perturbation graph. Please select from GEARS.pert_list!
    [WARN] predict RPA3+ctrl: ctrl is not in the perturbation graph. Please select from GEARS.pert_list!
    [WARN] predict RPAP1+ctrl: ctrl is not in the perturbation graph. Please select from GEARS.pert_list!
    [WARN] predict RPAP2+ctrl: ctrl is not in the perturbation graph. Please select from GEARS.pert_list!
    [WARN] predict RPF1+ctrl: ctrl is not in the perturbation graph. Please select from GEARS.pert_list!
    [WARN] predict RPF2+ctrl: ctrl is not in the perturbation graph. Please select from GEARS.pert_list!
    [WARN] predict RPL10+ctrl: ctrl is not in the perturbation graph. Please select from GEARS.pert_list!
    [WARN] predict RPL10A+ctrl: ctrl is not in the perturbation graph. Please select from GEARS.pert_list!
    [WARN] predict RPL11+ctrl: ctrl is not in the perturbation graph. Please select from GEARS.pert_list!
    [WARN] predict RPL12+ctrl: ctrl is not in the perturbation graph. Please select from GEARS.pert_list!
    [WARN] predict RPL13+ctrl: ctrl is not in the perturbation graph. Please select from GEARS.pert_list!
    [WARN] predict RPL13A+ctrl: ctrl is not in the perturbation graph. Please select from GEARS.pert_list!
    [WARN] predict RPL14+ctrl: ctrl is not in the perturbation graph. Please select from GEARS.pert_list!
    [WARN] predict RPL15+ctrl: ctrl is not in the perturbation graph. Please select from GEARS.pert_list!
    [WARN] predict RPL17+ctrl: ctrl is not in the perturbation graph. Please select from GEARS.pert_list!
    [WARN] predict RPL18+ctrl: ctrl is not in the perturbation graph. Please select from GEARS.pert_list!
    [WARN] predict RPL18A+ctrl: ctrl is not in the perturbation graph. Please select from GEARS.pert_list!
    [WARN] predict RPL19+ctrl: ctrl is not in the perturbation graph. Please select from GEARS.pert_list!
    [WARN] predict RPL21+ctrl: ctrl is not in the perturbation graph. Please select from GEARS.pert_list!
    [WARN] predict RPL23+ctrl: ctrl is not in the perturbation graph. Please select from GEARS.pert_list!
    [WARN] predict RPL23A+ctrl: ctrl is not in the perturbation graph. Please select from GEARS.pert_list!
    [WARN] predict RPL24+ctrl: ctrl is not in the perturbation graph. Please select from GEARS.pert_list!
    [WARN] predict RPL26+ctrl: ctrl is not in the perturbation graph. Please select from GEARS.pert_list!
    [WARN] predict RPL27+ctrl: ctrl is not in the perturbation graph. Please select from GEARS.pert_list!
    [WARN] predict RPL27A+ctrl: ctrl is not in the perturbation graph. Please select from GEARS.pert_list!
    [WARN] predict RPL30+ctrl: ctrl is not in the perturbation graph. Please select from GEARS.pert_list!
    [WARN] predict RPL31+ctrl: ctrl is not in the perturbation graph. Please select from GEARS.pert_list!
    [WARN] predict RPL32+ctrl: ctrl is not in the perturbation graph. Please select from GEARS.pert_list!
    [WARN] predict RPL34+ctrl: ctrl is not in the perturbation graph. Please select from GEARS.pert_list!
    [WARN] predict RPL35+ctrl: ctrl is not in the perturbation graph. Please select from GEARS.pert_list!
    [WARN] predict RPL35A+ctrl: ctrl is not in the perturbation graph. Please select from GEARS.pert_list!
    [WARN] predict RPL36+ctrl: ctrl is not in the perturbation graph. Please select from GEARS.pert_list!
    [WARN] predict RPL36A+ctrl: ctrl is not in the perturbation graph. Please select from GEARS.pert_list!
    [WARN] predict RPL37+ctrl: ctrl is not in the perturbation graph. Please select from GEARS.pert_list!
    [WARN] predict RPL37A+ctrl: ctrl is not in the perturbation graph. Please select from GEARS.pert_list!
    [WARN] predict RPL38+ctrl: ctrl is not in the perturbation graph. Please select from GEARS.pert_list!
    [WARN] predict RPL39+ctrl: ctrl is not in the perturbation graph. Please select from GEARS.pert_list!
    [WARN] predict RPL4+ctrl: ctrl is not in the perturbation graph. Please select from GEARS.pert_list!
    [WARN] predict RPL5+ctrl: ctrl is not in the perturbation graph. Please select from GEARS.pert_list!
    [WARN] predict RPL6+ctrl: ctrl is not in the perturbation graph. Please select from GEARS.pert_list!
    [WARN] predict RPL7+ctrl: ctrl is not in the perturbation graph. Please select from GEARS.pert_list!
    [WARN] predict RPL7L1+ctrl: ctrl is not in the perturbation graph. Please select from GEARS.pert_list!
    [WARN] predict RPL8+ctrl: ctrl is not in the perturbation graph. Please select from GEARS.pert_list!
    [WARN] predict RPL9+ctrl: ctrl is not in the perturbation graph. Please select from GEARS.pert_list!
    [WARN] predict RPLP0+ctrl: ctrl is not in the perturbation graph. Please select from GEARS.pert_list!
    [WARN] predict RPLP1+ctrl: ctrl is not in the perturbation graph. Please select from GEARS.pert_list!
    [WARN] predict RPLP2+ctrl: ctrl is not in the perturbation graph. Please select from GEARS.pert_list!
    [WARN] predict RPP14+ctrl: ctrl is not in the perturbation graph. Please select from GEARS.pert_list!
    [WARN] predict RPP30+ctrl: ctrl is not in the perturbation graph. Please select from GEARS.pert_list!
    [WARN] predict RPP38+ctrl: ctrl is not in the perturbation graph. Please select from GEARS.pert_list!
    [WARN] predict RPP40+ctrl: ctrl is not in the perturbation graph. Please select from GEARS.pert_list!
    [WARN] predict RPS10+ctrl: ctrl is not in the perturbation graph. Please select from GEARS.pert_list!
    [WARN] predict RPS10-NUDT3+ctrl: RPS10-NUDT3 is not in the perturbation graph. Please select from GEARS.pert_list!
    [WARN] predict RPS11+ctrl: ctrl is not in the perturbation graph. Please select from GEARS.pert_list!
    [WARN] predict RPS12+ctrl: ctrl is not in the perturbation graph. Please select from GEARS.pert_list!
    [WARN] predict RPS13+ctrl: ctrl is not in the perturbation graph. Please select from GEARS.pert_list!
    [WARN] predict RPS14+ctrl: ctrl is not in the perturbation graph. Please select from GEARS.pert_list!
    [WARN] predict RPS15+ctrl: ctrl is not in the perturbation graph. Please select from GEARS.pert_list!
    [WARN] predict RPS15A+ctrl: ctrl is not in the perturbation graph. Please select from GEARS.pert_list!
    [WARN] predict RPS16+ctrl: ctrl is not in the perturbation graph. Please select from GEARS.pert_list!
    [WARN] predict RPS17+ctrl: ctrl is not in the perturbation graph. Please select from GEARS.pert_list!
    [WARN] predict RPS18+ctrl: ctrl is not in the perturbation graph. Please select from GEARS.pert_list!
    [WARN] predict RPS19+ctrl: ctrl is not in the perturbation graph. Please select from GEARS.pert_list!
    [WARN] predict RPS19BP1+ctrl: ctrl is not in the perturbation graph. Please select from GEARS.pert_list!
    [WARN] predict RPS2+ctrl: ctrl is not in the perturbation graph. Please select from GEARS.pert_list!
    [WARN] predict RPS20+ctrl: ctrl is not in the perturbation graph. Please select from GEARS.pert_list!
    [WARN] predict RPS21+ctrl: ctrl is not in the perturbation graph. Please select from GEARS.pert_list!
    [WARN] predict RPS23+ctrl: ctrl is not in the perturbation graph. Please select from GEARS.pert_list!
    [WARN] predict RPS24+ctrl: ctrl is not in the perturbation graph. Please select from GEARS.pert_list!
    [WARN] predict RPS26+ctrl: ctrl is not in the perturbation graph. Please select from GEARS.pert_list!
    [WARN] predict RPS27+ctrl: ctrl is not in the perturbation graph. Please select from GEARS.pert_list!
    [WARN] predict RPS27A+ctrl: ctrl is not in the perturbation graph. Please select from GEARS.pert_list!
    [WARN] predict RPS28+ctrl: ctrl is not in the perturbation graph. Please select from GEARS.pert_list!
    [WARN] predict RPS29+ctrl: ctrl is not in the perturbation graph. Please select from GEARS.pert_list!
    [WARN] predict RPS3+ctrl: ctrl is not in the perturbation graph. Please select from GEARS.pert_list!
    [WARN] predict RPS3A+ctrl: ctrl is not in the perturbation graph. Please select from GEARS.pert_list!
    [WARN] predict RPS4X+ctrl: ctrl is not in the perturbation graph. Please select from GEARS.pert_list!
    [WARN] predict RPS5+ctrl: ctrl is not in the perturbation graph. Please select from GEARS.pert_list!
    [WARN] predict RPS6+ctrl: ctrl is not in the perturbation graph. Please select from GEARS.pert_list!
    [WARN] predict RPS7+ctrl: ctrl is not in the perturbation graph. Please select from GEARS.pert_list!
    [WARN] predict RPS9+ctrl: ctrl is not in the perturbation graph. Please select from GEARS.pert_list!
    [WARN] predict RPSA+ctrl: ctrl is not in the perturbation graph. Please select from GEARS.pert_list!
    [WARN] predict RPTOR+ctrl: ctrl is not in the perturbation graph. Please select from GEARS.pert_list!
    [WARN] predict RPUSD4+ctrl: ctrl is not in the perturbation graph. Please select from GEARS.pert_list!
    [WARN] predict RRM1+ctrl: ctrl is not in the perturbation graph. Please select from GEARS.pert_list!
    [WARN] predict RRN3+ctrl: ctrl is not in the perturbation graph. Please select from GEARS.pert_list!
    [WARN] predict RRP1+ctrl: ctrl is not in the perturbation graph. Please select from GEARS.pert_list!
    [WARN] predict RRP12+ctrl: ctrl is not in the perturbation graph. Please select from GEARS.pert_list!
    [WARN] predict RRP7A+ctrl: ctrl is not in the perturbation graph. Please select from GEARS.pert_list!
    [WARN] predict RRP9+ctrl: ctrl is not in the perturbation graph. Please select from GEARS.pert_list!
    [WARN] predict RRS1+ctrl: ctrl is not in the perturbation graph. Please select from GEARS.pert_list!
    [WARN] predict RSL1D1+ctrl: ctrl is not in the perturbation graph. Please select from GEARS.pert_list!
    [WARN] predict RSL24D1+ctrl: ctrl is not in the perturbation graph. Please select from GEARS.pert_list!
    [WARN] predict RTCB+ctrl: ctrl is not in the perturbation graph. Please select from GEARS.pert_list!
    [WARN] predict RTF1+ctrl: ctrl is not in the perturbation graph. Please select from GEARS.pert_list!
    [WARN] predict RUVBL1+ctrl: ctrl is not in the perturbation graph. Please select from GEARS.pert_list!
    [WARN] predict SAE1+ctrl: ctrl is not in the perturbation graph. Please select from GEARS.pert_list!
    [WARN] predict SAMM50+ctrl: ctrl is not in the perturbation graph. Please select from GEARS.pert_list!
    [WARN] predict SAP130+ctrl: ctrl is not in the perturbation graph. Please select from GEARS.pert_list!
    [WARN] predict SAP18+ctrl: ctrl is not in the perturbation graph. Please select from GEARS.pert_list!
    [WARN] predict SARS+ctrl: ctrl is not in the perturbation graph. Please select from GEARS.pert_list!
    [WARN] predict SARS2+ctrl: ctrl is not in the perturbation graph. Please select from GEARS.pert_list!
    [WARN] predict SART1+ctrl: ctrl is not in the perturbation graph. Please select from GEARS.pert_list!
    [WARN] predict SART3+ctrl: ctrl is not in the perturbation graph. Please select from GEARS.pert_list!
    [WARN] predict SBNO1+ctrl: ctrl is not in the perturbation graph. Please select from GEARS.pert_list!
    [WARN] predict SCAF1+ctrl: ctrl is not in the perturbation graph. Please select from GEARS.pert_list!
    [WARN] predict SCFD1+ctrl: ctrl is not in the perturbation graph. Please select from GEARS.pert_list!
    [WARN] predict SDAD1+ctrl: ctrl is not in the perturbation graph. Please select from GEARS.pert_list!
    [WARN] predict SDC1+ctrl: ctrl is not in the perturbation graph. Please select from GEARS.pert_list!
    [WARN] predict SDE2+ctrl: ctrl is not in the perturbation graph. Please select from GEARS.pert_list!
    [WARN] predict SDHC+ctrl: ctrl is not in the perturbation graph. Please select from GEARS.pert_list!
    [WARN] predict SEC13+ctrl: ctrl is not in the perturbation graph. Please select from GEARS.pert_list!
    [WARN] predict SEC61A1+ctrl: ctrl is not in the perturbation graph. Please select from GEARS.pert_list!
    [WARN] predict SEC61G+ctrl: ctrl is not in the perturbation graph. Please select from GEARS.pert_list!
    [WARN] predict SEH1L+ctrl: ctrl is not in the perturbation graph. Please select from GEARS.pert_list!
    [WARN] predict SEM1+ctrl: SEM1 is not in the perturbation graph. Please select from GEARS.pert_list!
    [WARN] predict SERBP1+ctrl: ctrl is not in the perturbation graph. Please select from GEARS.pert_list!
    [WARN] predict SETD1A+ctrl: ctrl is not in the perturbation graph. Please select from GEARS.pert_list!
    [WARN] predict SETDB1+ctrl: ctrl is not in the perturbation graph. Please select from GEARS.pert_list!
    [WARN] predict SF1+ctrl: ctrl is not in the perturbation graph. Please select from GEARS.pert_list!
    [WARN] predict SF3A1+ctrl: ctrl is not in the perturbation graph. Please select from GEARS.pert_list!
    [WARN] predict SF3A2+ctrl: ctrl is not in the perturbation graph. Please select from GEARS.pert_list!
    [WARN] predict SF3B2+ctrl: ctrl is not in the perturbation graph. Please select from GEARS.pert_list!
    [WARN] predict SF3B3+ctrl: ctrl is not in the perturbation graph. Please select from GEARS.pert_list!
    [WARN] predict SF3B4+ctrl: ctrl is not in the perturbation graph. Please select from GEARS.pert_list!
    [WARN] predict SF3B5+ctrl: ctrl is not in the perturbation graph. Please select from GEARS.pert_list!
    [WARN] predict SFPQ+ctrl: ctrl is not in the perturbation graph. Please select from GEARS.pert_list!
    [WARN] predict SFSWAP+ctrl: ctrl is not in the perturbation graph. Please select from GEARS.pert_list!
    [WARN] predict SIN3A+ctrl: ctrl is not in the perturbation graph. Please select from GEARS.pert_list!
    [WARN] predict SKA3+ctrl: ctrl is not in the perturbation graph. Please select from GEARS.pert_list!
    [WARN] predict SKP1+ctrl: ctrl is not in the perturbation graph. Please select from GEARS.pert_list!
    [WARN] predict SLBP+ctrl: ctrl is not in the perturbation graph. Please select from GEARS.pert_list!
    [WARN] predict SLC39A9+ctrl: ctrl is not in the perturbation graph. Please select from GEARS.pert_list!
    [WARN] predict SLC7A5+ctrl: ctrl is not in the perturbation graph. Please select from GEARS.pert_list!
    [WARN] predict SLC7A6OS+ctrl: ctrl is not in the perturbation graph. Please select from GEARS.pert_list!
    [WARN] predict SLU7+ctrl: ctrl is not in the perturbation graph. Please select from GEARS.pert_list!
    [WARN] predict SMARCB1+ctrl: ctrl is not in the perturbation graph. Please select from GEARS.pert_list!
    [WARN] predict SMC1A+ctrl: ctrl is not in the perturbation graph. Please select from GEARS.pert_list!
    [WARN] predict SMC2+ctrl: ctrl is not in the perturbation graph. Please select from GEARS.pert_list!
    [WARN] predict SMC3+ctrl: ctrl is not in the perturbation graph. Please select from GEARS.pert_list!
    [WARN] predict SMC4+ctrl: ctrl is not in the perturbation graph. Please select from GEARS.pert_list!
    [WARN] predict SMG5+ctrl: ctrl is not in the perturbation graph. Please select from GEARS.pert_list!
    [WARN] predict SMN2+ctrl: ctrl is not in the perturbation graph. Please select from GEARS.pert_list!
    [WARN] predict SMU1+ctrl: ctrl is not in the perturbation graph. Please select from GEARS.pert_list!
    [WARN] predict SNAPC1+ctrl: ctrl is not in the perturbation graph. Please select from GEARS.pert_list!
    [WARN] predict SNAPC2+ctrl: ctrl is not in the perturbation graph. Please select from GEARS.pert_list!
    [WARN] predict SNAPC3+ctrl: ctrl is not in the perturbation graph. Please select from GEARS.pert_list!
    [WARN] predict SNAPC5+ctrl: ctrl is not in the perturbation graph. Please select from GEARS.pert_list!
    [WARN] predict SNIP1+ctrl: ctrl is not in the perturbation graph. Please select from GEARS.pert_list!
    [WARN] predict SNRNP200+ctrl: ctrl is not in the perturbation graph. Please select from GEARS.pert_list!
    [WARN] predict SNRNP25+ctrl: ctrl is not in the perturbation graph. Please select from GEARS.pert_list!
    [WARN] predict SNRNP27+ctrl: ctrl is not in the perturbation graph. Please select from GEARS.pert_list!
    [WARN] predict SNRNP35+ctrl: ctrl is not in the perturbation graph. Please select from GEARS.pert_list!
    [WARN] predict SNRNP48+ctrl: ctrl is not in the perturbation graph. Please select from GEARS.pert_list!
    [WARN] predict SNRNP70+ctrl: ctrl is not in the perturbation graph. Please select from GEARS.pert_list!
    [WARN] predict SNRPA1+ctrl: ctrl is not in the perturbation graph. Please select from GEARS.pert_list!
    [WARN] predict SNRPB+ctrl: ctrl is not in the perturbation graph. Please select from GEARS.pert_list!
    [WARN] predict SNRPC+ctrl: ctrl is not in the perturbation graph. Please select from GEARS.pert_list!
    [WARN] predict SNRPD1+ctrl: ctrl is not in the perturbation graph. Please select from GEARS.pert_list!
    [WARN] predict SNRPD3+ctrl: ctrl is not in the perturbation graph. Please select from GEARS.pert_list!
    [WARN] predict SNRPE+ctrl: ctrl is not in the perturbation graph. Please select from GEARS.pert_list!
    [WARN] predict SNRPF+ctrl: ctrl is not in the perturbation graph. Please select from GEARS.pert_list!
    [WARN] predict SNRPG+ctrl: ctrl is not in the perturbation graph. Please select from GEARS.pert_list!
    [WARN] predict SNW1+ctrl: ctrl is not in the perturbation graph. Please select from GEARS.pert_list!
    [WARN] predict SON+ctrl: ctrl is not in the perturbation graph. Please select from GEARS.pert_list!
    [WARN] predict SPC24+ctrl: ctrl is not in the perturbation graph. Please select from GEARS.pert_list!
    [WARN] predict SPC25+ctrl: ctrl is not in the perturbation graph. Please select from GEARS.pert_list!
    [WARN] predict SPCS3+ctrl: ctrl is not in the perturbation graph. Please select from GEARS.pert_list!
    [WARN] predict SRBD1+ctrl: ctrl is not in the perturbation graph. Please select from GEARS.pert_list!
    [WARN] predict SRFBP1+ctrl: ctrl is not in the perturbation graph. Please select from GEARS.pert_list!
    [WARN] predict SRP54+ctrl: ctrl is not in the perturbation graph. Please select from GEARS.pert_list!
    [WARN] predict SRP68+ctrl: ctrl is not in the perturbation graph. Please select from GEARS.pert_list!
    [WARN] predict SRP72+ctrl: ctrl is not in the perturbation graph. Please select from GEARS.pert_list!
    [WARN] predict SRPRB+ctrl: ctrl is not in the perturbation graph. Please select from GEARS.pert_list!
    [WARN] predict SRRM1+ctrl: ctrl is not in the perturbation graph. Please select from GEARS.pert_list!
    [WARN] predict SRRM2+ctrl: ctrl is not in the perturbation graph. Please select from GEARS.pert_list!
    [WARN] predict SRRT+ctrl: ctrl is not in the perturbation graph. Please select from GEARS.pert_list!
    [WARN] predict SRSF1+ctrl: ctrl is not in the perturbation graph. Please select from GEARS.pert_list!
    [WARN] predict SRSF10+ctrl: ctrl is not in the perturbation graph. Please select from GEARS.pert_list!
    [WARN] predict SRSF11+ctrl: ctrl is not in the perturbation graph. Please select from GEARS.pert_list!
    [WARN] predict SRSF2+ctrl: ctrl is not in the perturbation graph. Please select from GEARS.pert_list!
    [WARN] predict SRSF3+ctrl: ctrl is not in the perturbation graph. Please select from GEARS.pert_list!
    [WARN] predict SRSF7+ctrl: ctrl is not in the perturbation graph. Please select from GEARS.pert_list!
    [WARN] predict SS18L2+ctrl: ctrl is not in the perturbation graph. Please select from GEARS.pert_list!
    [WARN] predict SSBP1+ctrl: ctrl is not in the perturbation graph. Please select from GEARS.pert_list!
    [WARN] predict SSRP1+ctrl: ctrl is not in the perturbation graph. Please select from GEARS.pert_list!
    [WARN] predict SSU72+ctrl: ctrl is not in the perturbation graph. Please select from GEARS.pert_list!
    [WARN] predict STARD7+ctrl: ctrl is not in the perturbation graph. Please select from GEARS.pert_list!
    [WARN] predict STRAP+ctrl: ctrl is not in the perturbation graph. Please select from GEARS.pert_list!
    [WARN] predict SUGP1+ctrl: ctrl is not in the perturbation graph. Please select from GEARS.pert_list!
    [WARN] predict SUGT1+ctrl: ctrl is not in the perturbation graph. Please select from GEARS.pert_list!
    [WARN] predict SUPT16H+ctrl: ctrl is not in the perturbation graph. Please select from GEARS.pert_list!
    [WARN] predict SUPT4H1+ctrl: ctrl is not in the perturbation graph. Please select from GEARS.pert_list!
    [WARN] predict SUPT5H+ctrl: ctrl is not in the perturbation graph. Please select from GEARS.pert_list!
    [WARN] predict SUPT6H+ctrl: ctrl is not in the perturbation graph. Please select from GEARS.pert_list!
    [WARN] predict SUPV3L1+ctrl: ctrl is not in the perturbation graph. Please select from GEARS.pert_list!
    [WARN] predict SURF6+ctrl: ctrl is not in the perturbation graph. Please select from GEARS.pert_list!
    [WARN] predict SYF2+ctrl: ctrl is not in the perturbation graph. Please select from GEARS.pert_list!
    [WARN] predict SYMPK+ctrl: ctrl is not in the perturbation graph. Please select from GEARS.pert_list!
    [WARN] predict TADA3+ctrl: ctrl is not in the perturbation graph. Please select from GEARS.pert_list!
    [WARN] predict TAF1+ctrl: ctrl is not in the perturbation graph. Please select from GEARS.pert_list!
    [WARN] predict TAF10+ctrl: ctrl is not in the perturbation graph. Please select from GEARS.pert_list!
    [WARN] predict TAF12+ctrl: ctrl is not in the perturbation graph. Please select from GEARS.pert_list!
    [WARN] predict TAF1C+ctrl: ctrl is not in the perturbation graph. Please select from GEARS.pert_list!
    [WARN] predict TAF1D+ctrl: ctrl is not in the perturbation graph. Please select from GEARS.pert_list!
    [WARN] predict TAF2+ctrl: ctrl is not in the perturbation graph. Please select from GEARS.pert_list!
    [WARN] predict TAF5+ctrl: ctrl is not in the perturbation graph. Please select from GEARS.pert_list!
    [WARN] predict TAF6+ctrl: ctrl is not in the perturbation graph. Please select from GEARS.pert_list!
    [WARN] predict TAF7+ctrl: ctrl is not in the perturbation graph. Please select from GEARS.pert_list!
    [WARN] predict TAF8+ctrl: ctrl is not in the perturbation graph. Please select from GEARS.pert_list!
    [WARN] predict TANGO6+ctrl: ctrl is not in the perturbation graph. Please select from GEARS.pert_list!
    [WARN] predict TARS+ctrl: ctrl is not in the perturbation graph. Please select from GEARS.pert_list!
    [WARN] predict TBCB+ctrl: ctrl is not in the perturbation graph. Please select from GEARS.pert_list!
    [WARN] predict TBL3+ctrl: ctrl is not in the perturbation graph. Please select from GEARS.pert_list!
    [WARN] predict TBP+ctrl: ctrl is not in the perturbation graph. Please select from GEARS.pert_list!
    [WARN] predict TCERG1+ctrl: ctrl is not in the perturbation graph. Please select from GEARS.pert_list!
    [WARN] predict TCOF1+ctrl: ctrl is not in the perturbation graph. Please select from GEARS.pert_list!
    [WARN] predict TCP1+ctrl: ctrl is not in the perturbation graph. Please select from GEARS.pert_list!
    [WARN] predict TEFM+ctrl: ctrl is not in the perturbation graph. Please select from GEARS.pert_list!
    [WARN] predict TELO2+ctrl: ctrl is not in the perturbation graph. Please select from GEARS.pert_list!
    [WARN] predict TERF2+ctrl: ctrl is not in the perturbation graph. Please select from GEARS.pert_list!
    [WARN] predict TEX10+ctrl: ctrl is not in the perturbation graph. Please select from GEARS.pert_list!
    [WARN] predict TFDP1+ctrl: ctrl is not in the perturbation graph. Please select from GEARS.pert_list!
    [WARN] predict TFIP11+ctrl: ctrl is not in the perturbation graph. Please select from GEARS.pert_list!
    [WARN] predict THAP1+ctrl: ctrl is not in the perturbation graph. Please select from GEARS.pert_list!
    [WARN] predict THAP11+ctrl: ctrl is not in the perturbation graph. Please select from GEARS.pert_list!
    [WARN] predict THG1L+ctrl: ctrl is not in the perturbation graph. Please select from GEARS.pert_list!
    [WARN] predict THOC1+ctrl: ctrl is not in the perturbation graph. Please select from GEARS.pert_list!
    [WARN] predict THOC2+ctrl: ctrl is not in the perturbation graph. Please select from GEARS.pert_list!
    [WARN] predict THOC3+ctrl: ctrl is not in the perturbation graph. Please select from GEARS.pert_list!
    [WARN] predict THOC5+ctrl: ctrl is not in the perturbation graph. Please select from GEARS.pert_list!
    [WARN] predict THOC6+ctrl: ctrl is not in the perturbation graph. Please select from GEARS.pert_list!
    [WARN] predict THOC7+ctrl: ctrl is not in the perturbation graph. Please select from GEARS.pert_list!
    [WARN] predict TICRR+ctrl: ctrl is not in the perturbation graph. Please select from GEARS.pert_list!
    [WARN] predict TIMM13+ctrl: ctrl is not in the perturbation graph. Please select from GEARS.pert_list!
    [WARN] predict TIMM23B+ctrl: ctrl is not in the perturbation graph. Please select from GEARS.pert_list!
    [WARN] predict TIMM44+ctrl: ctrl is not in the perturbation graph. Please select from GEARS.pert_list!
    [WARN] predict TIMM9+ctrl: ctrl is not in the perturbation graph. Please select from GEARS.pert_list!
    [WARN] predict TMA16+ctrl: ctrl is not in the perturbation graph. Please select from GEARS.pert_list!
    [WARN] predict TMSB10+ctrl: ctrl is not in the perturbation graph. Please select from GEARS.pert_list!
    [WARN] predict TMX2+ctrl: ctrl is not in the perturbation graph. Please select from GEARS.pert_list!
    [WARN] predict TNPO3+ctrl: ctrl is not in the perturbation graph. Please select from GEARS.pert_list!
    [WARN] predict TOMM22+ctrl: ctrl is not in the perturbation graph. Please select from GEARS.pert_list!
    [WARN] predict TOMM40+ctrl: ctrl is not in the perturbation graph. Please select from GEARS.pert_list!
    [WARN] predict TOP1+ctrl: ctrl is not in the perturbation graph. Please select from GEARS.pert_list!
    [WARN] predict TPR+ctrl: ctrl is not in the perturbation graph. Please select from GEARS.pert_list!
    [WARN] predict TPX2+ctrl: ctrl is not in the perturbation graph. Please select from GEARS.pert_list!
    [WARN] predict TRA2B+ctrl: ctrl is not in the perturbation graph. Please select from GEARS.pert_list!
    [WARN] predict TREX2+ctrl: ctrl is not in the perturbation graph. Please select from GEARS.pert_list!
    [WARN] predict TRMT10C+ctrl: ctrl is not in the perturbation graph. Please select from GEARS.pert_list!
    [WARN] predict TRMT112+ctrl: ctrl is not in the perturbation graph. Please select from GEARS.pert_list!
    [WARN] predict TRMT5+ctrl: ctrl is not in the perturbation graph. Please select from GEARS.pert_list!
    [WARN] predict TRPM7+ctrl: ctrl is not in the perturbation graph. Please select from GEARS.pert_list!
    [WARN] predict TRRAP+ctrl: ctrl is not in the perturbation graph. Please select from GEARS.pert_list!
    [WARN] predict TSEN2+ctrl: ctrl is not in the perturbation graph. Please select from GEARS.pert_list!
    [WARN] predict TSG101+ctrl: ctrl is not in the perturbation graph. Please select from GEARS.pert_list!
    [WARN] predict TSR1+ctrl: ctrl is not in the perturbation graph. Please select from GEARS.pert_list!
    [WARN] predict TSR2+ctrl: ctrl is not in the perturbation graph. Please select from GEARS.pert_list!
    [WARN] predict TTC27+ctrl: ctrl is not in the perturbation graph. Please select from GEARS.pert_list!
    [WARN] predict TTI1+ctrl: ctrl is not in the perturbation graph. Please select from GEARS.pert_list!
    [WARN] predict TTK+ctrl: ctrl is not in the perturbation graph. Please select from GEARS.pert_list!
    [WARN] predict TUBGCP2+ctrl: ctrl is not in the perturbation graph. Please select from GEARS.pert_list!
    [WARN] predict TUT1+ctrl: ctrl is not in the perturbation graph. Please select from GEARS.pert_list!
    [WARN] predict TWISTNB+ctrl: ctrl is not in the perturbation graph. Please select from GEARS.pert_list!
    [WARN] predict TXN+ctrl: ctrl is not in the perturbation graph. Please select from GEARS.pert_list!
    [WARN] predict TXNL4A+ctrl: ctrl is not in the perturbation graph. Please select from GEARS.pert_list!
    [WARN] predict U2AF1+ctrl: ctrl is not in the perturbation graph. Please select from GEARS.pert_list!
    [WARN] predict U2AF2+ctrl: ctrl is not in the perturbation graph. Please select from GEARS.pert_list!
    [WARN] predict U2SURP+ctrl: ctrl is not in the perturbation graph. Please select from GEARS.pert_list!
    [WARN] predict UBA1+ctrl: ctrl is not in the perturbation graph. Please select from GEARS.pert_list!
    [WARN] predict UBA2+ctrl: ctrl is not in the perturbation graph. Please select from GEARS.pert_list!
    [WARN] predict UBA3+ctrl: ctrl is not in the perturbation graph. Please select from GEARS.pert_list!
    [WARN] predict UBA52+ctrl: ctrl is not in the perturbation graph. Please select from GEARS.pert_list!
    [WARN] predict UBAP1+ctrl: ctrl is not in the perturbation graph. Please select from GEARS.pert_list!
    [WARN] predict UBE2I+ctrl: ctrl is not in the perturbation graph. Please select from GEARS.pert_list!
    [WARN] predict UBL5+ctrl: ctrl is not in the perturbation graph. Please select from GEARS.pert_list!
    [WARN] predict UBQLN4+ctrl: ctrl is not in the perturbation graph. Please select from GEARS.pert_list!
    [WARN] predict UFL1+ctrl: ctrl is not in the perturbation graph. Please select from GEARS.pert_list!
    [WARN] predict UFM1+ctrl: ctrl is not in the perturbation graph. Please select from GEARS.pert_list!
    [WARN] predict UPF1+ctrl: ctrl is not in the perturbation graph. Please select from GEARS.pert_list!
    [WARN] predict UPF2+ctrl: ctrl is not in the perturbation graph. Please select from GEARS.pert_list!
    [WARN] predict UQCC2+ctrl: ctrl is not in the perturbation graph. Please select from GEARS.pert_list!
    [WARN] predict UQCRB+ctrl: ctrl is not in the perturbation graph. Please select from GEARS.pert_list!
    [WARN] predict UQCRC2+ctrl: ctrl is not in the perturbation graph. Please select from GEARS.pert_list!
    [WARN] predict UQCRFS1+ctrl: ctrl is not in the perturbation graph. Please select from GEARS.pert_list!
    [WARN] predict UQCRQ+ctrl: ctrl is not in the perturbation graph. Please select from GEARS.pert_list!
    [WARN] predict URB2+ctrl: ctrl is not in the perturbation graph. Please select from GEARS.pert_list!
    [WARN] predict URI1+ctrl: ctrl is not in the perturbation graph. Please select from GEARS.pert_list!
    [WARN] predict USP36+ctrl: ctrl is not in the perturbation graph. Please select from GEARS.pert_list!
    [WARN] predict USP39+ctrl: ctrl is not in the perturbation graph. Please select from GEARS.pert_list!
    [WARN] predict USP5+ctrl: ctrl is not in the perturbation graph. Please select from GEARS.pert_list!
    [WARN] predict USPL1+ctrl: ctrl is not in the perturbation graph. Please select from GEARS.pert_list!
    [WARN] predict UTP15+ctrl: ctrl is not in the perturbation graph. Please select from GEARS.pert_list!
    [WARN] predict UTP18+ctrl: ctrl is not in the perturbation graph. Please select from GEARS.pert_list!
    [WARN] predict UTP20+ctrl: ctrl is not in the perturbation graph. Please select from GEARS.pert_list!
    [WARN] predict UTP23+ctrl: ctrl is not in the perturbation graph. Please select from GEARS.pert_list!
    [WARN] predict UTP3+ctrl: ctrl is not in the perturbation graph. Please select from GEARS.pert_list!
    [WARN] predict UTP6+ctrl: ctrl is not in the perturbation graph. Please select from GEARS.pert_list!
    [WARN] predict UXT+ctrl: ctrl is not in the perturbation graph. Please select from GEARS.pert_list!
    [WARN] predict VARS+ctrl: ctrl is not in the perturbation graph. Please select from GEARS.pert_list!
    [WARN] predict VPS28+ctrl: ctrl is not in the perturbation graph. Please select from GEARS.pert_list!
    [WARN] predict VPS29+ctrl: ctrl is not in the perturbation graph. Please select from GEARS.pert_list!
    [WARN] predict VPS35+ctrl: ctrl is not in the perturbation graph. Please select from GEARS.pert_list!
    [WARN] predict VPS54+ctrl: ctrl is not in the perturbation graph. Please select from GEARS.pert_list!
    [WARN] predict VPS72+ctrl: ctrl is not in the perturbation graph. Please select from GEARS.pert_list!
    [WARN] predict WAC+ctrl: ctrl is not in the perturbation graph. Please select from GEARS.pert_list!
    [WARN] predict WBP11+ctrl: ctrl is not in the perturbation graph. Please select from GEARS.pert_list!
    [WARN] predict WDHD1+ctrl: ctrl is not in the perturbation graph. Please select from GEARS.pert_list!
    [WARN] predict WDR12+ctrl: ctrl is not in the perturbation graph. Please select from GEARS.pert_list!
    [WARN] predict WDR24+ctrl: ctrl is not in the perturbation graph. Please select from GEARS.pert_list!
    [WARN] predict WDR3+ctrl: ctrl is not in the perturbation graph. Please select from GEARS.pert_list!
    [WARN] predict WDR33+ctrl: ctrl is not in the perturbation graph. Please select from GEARS.pert_list!
    [WARN] predict WDR36+ctrl: ctrl is not in the perturbation graph. Please select from GEARS.pert_list!
    [WARN] predict WDR43+ctrl: ctrl is not in the perturbation graph. Please select from GEARS.pert_list!
    [WARN] predict WDR46+ctrl: ctrl is not in the perturbation graph. Please select from GEARS.pert_list!
    [WARN] predict WDR5+ctrl: ctrl is not in the perturbation graph. Please select from GEARS.pert_list!
    [WARN] predict WDR55+ctrl: ctrl is not in the perturbation graph. Please select from GEARS.pert_list!
    [WARN] predict WDR61+ctrl: ctrl is not in the perturbation graph. Please select from GEARS.pert_list!
    [WARN] predict WDR70+ctrl: ctrl is not in the perturbation graph. Please select from GEARS.pert_list!
    [WARN] predict WDR74+ctrl: ctrl is not in the perturbation graph. Please select from GEARS.pert_list!
    [WARN] predict WDR75+ctrl: ctrl is not in the perturbation graph. Please select from GEARS.pert_list!
    [WARN] predict WDR82+ctrl: ctrl is not in the perturbation graph. Please select from GEARS.pert_list!
    [WARN] predict WDTC1+ctrl: ctrl is not in the perturbation graph. Please select from GEARS.pert_list!
    [WARN] predict XAB2+ctrl: ctrl is not in the perturbation graph. Please select from GEARS.pert_list!
    [WARN] predict XPO1+ctrl: ctrl is not in the perturbation graph. Please select from GEARS.pert_list!
    [WARN] predict XRCC5+ctrl: ctrl is not in the perturbation graph. Please select from GEARS.pert_list!
    [WARN] predict XRCC6+ctrl: ctrl is not in the perturbation graph. Please select from GEARS.pert_list!
    [WARN] predict XRN2+ctrl: ctrl is not in the perturbation graph. Please select from GEARS.pert_list!Found local copy...
Found local copy...
Found local copy...
These perturbations are not in the GO graph and their perturbation can thus not be predicted
['C14orf178+ctrl' 'C7orf26+ctrl' 'GNB1L+ctrl' 'ALG1L+ctrl' 'FAU+ctrl'
 'RPS10-NUDT3+ctrl' 'FAM102B+ctrl' 'SEM1+ctrl' 'AC118549.1+ctrl']
Local copy of pyg dataset is detected. Loading...
Done!
Local copy of split is detected. Loading...
Simulation split test composition:
combo_seen0:0
combo_seen1:0
combo_seen2:0
unseen_single:384
Done!
Creating dataloaders....
Done!
Found local GO graph CSV...
Start Training...
Epoch 1 Step 1 Train Loss: 0.5772
Epoch 1 Step 51 Train Loss: 0.5768
Epoch 1 Step 101 Train Loss: 0.6268
Epoch 1 Step 151 Train Loss: 0.5647
Epoch 1 Step 201 Train Loss: 0.6571
Epoch 1 Step 251 Train Loss: 0.5872
Epoch 1 Step 301 Train Loss: 0.5938
Epoch 1 Step 351 Train Loss: 0.5649
Epoch 1 Step 401 Train Loss: 0.6128
Epoch 1 Step 451 Train Loss: 0.6732
Epoch 1 Step 501 Train Loss: 0.5914
Epoch 1 Step 551 Train Loss: 0.6506
Epoch 1 Step 601 Train Loss: 0.5937
Epoch 1 Step 651 Train Loss: 0.6599
Epoch 1 Step 701 Train Loss: 0.5918
Epoch 1 Step 751 Train Loss: 0.7069
Epoch 1 Step 801 Train Loss: 0.5682
Epoch 1 Step 851 Train Loss: 0.5716
Epoch 1 Step 901 Train Loss: 0.6530
Epoch 1 Step 951 Train Loss: 0.6078
Epoch 1 Step 1001 Train Loss: 0.5705
Epoch 1 Step 1051 Train Loss: 0.5454
Epoch 1 Step 1101 Train Loss: 0.6285
Epoch 1 Step 1151 Train Loss: 0.6314
Epoch 1 Step 1201 Train Loss: 0.5598
Epoch 1 Step 1251 Train Loss: 0.6157
Epoch 1 Step 1301 Train Loss: 0.5947
Epoch 1 Step 1351 Train Loss: 0.5624
Epoch 1 Step 1401 Train Loss: 0.6259
Epoch 1 Step 1451 Train Loss: 0.6091
Epoch 1 Step 1501 Train Loss: 0.5319
Epoch 1 Step 1551 Train Loss: 0.6642
Epoch 1 Step 1601 Train Loss: 0.5127
Epoch 1 Step 1651 Train Loss: 0.5959
Epoch 1 Step 1701 Train Loss: 0.5776
Epoch 1 Step 1751 Train Loss: 0.5537
Epoch 1 Step 1801 Train Loss: 0.5789
Epoch 1 Step 1851 Train Loss: 0.6328
Epoch 1 Step 1901 Train Loss: 0.6862
Epoch 1 Step 1951 Train Loss: 0.5349
Epoch 1 Step 2001 Train Loss: 0.6725
Epoch 1 Step 2051 Train Loss: 0.6192
Epoch 1 Step 2101 Train Loss: 0.6223
Epoch 1 Step 2151 Train Loss: 0.6178
Epoch 1 Step 2201 Train Loss: 0.6169
Epoch 1 Step 2251 Train Loss: 0.5778
Epoch 1 Step 2301 Train Loss: 0.5957
Epoch 1 Step 2351 Train Loss: 0.5690
Epoch 1 Step 2401 Train Loss: 0.6345
Epoch 1 Step 2451 Train Loss: 0.6030
Epoch 1 Step 2501 Train Loss: 0.5738
Epoch 1 Step 2551 Train Loss: 0.5705
Epoch 1 Step 2601 Train Loss: 0.6067
Epoch 1 Step 2651 Train Loss: 0.5862
Epoch 1 Step 2701 Train Loss: 0.5999
Epoch 1 Step 2751 Train Loss: 0.5587
Epoch 1 Step 2801 Train Loss: 0.6968
Epoch 1 Step 2851 Train Loss: 0.5403
Epoch 1 Step 2901 Train Loss: 0.6216
Epoch 1 Step 2951 Train Loss: 0.5556
Epoch 1 Step 3001 Train Loss: 0.6061
Epoch 1 Step 3051 Train Loss: 0.6414
Epoch 1 Step 3101 Train Loss: 0.5736
Epoch 1 Step 3151 Train Loss: 0.5981
Epoch 1 Step 3201 Train Loss: 0.6480
Epoch 1 Step 3251 Train Loss: 0.6489
Epoch 1 Step 3301 Train Loss: 0.5941
Epoch 1 Step 3351 Train Loss: 0.5987
Epoch 1 Step 3401 Train Loss: 0.5804
Epoch 1 Step 3451 Train Loss: 0.6095
Epoch 1 Step 3501 Train Loss: 0.5597
Epoch 1: Train Overall MSE: 0.0127 Validation Overall MSE: 0.0146. 
Train Top 20 DE MSE: 0.1012 Validation Top 20 DE MSE: 0.1106. 
Epoch 2 Step 1 Train Loss: 0.6327
Epoch 2 Step 51 Train Loss: 0.5680
Epoch 2 Step 101 Train Loss: 0.5806
Epoch 2 Step 151 Train Loss: 0.6202
Epoch 2 Step 201 Train Loss: 0.5778
Epoch 2 Step 251 Train Loss: 0.6205
Epoch 2 Step 301 Train Loss: 0.5578
Epoch 2 Step 351 Train Loss: 0.5580
Epoch 2 Step 401 Train Loss: 0.6645
Epoch 2 Step 451 Train Loss: 0.5854
Epoch 2 Step 501 Train Loss: 0.5301
Epoch 2 Step 551 Train Loss: 0.5837
Epoch 2 Step 601 Train Loss: 0.6044
Epoch 2 Step 651 Train Loss: 0.6404
Epoch 2 Step 701 Train Loss: 0.5482
Epoch 2 Step 751 Train Loss: 0.6552
Epoch 2 Step 801 Train Loss: 0.5762
Epoch 2 Step 851 Train Loss: 0.6006
Epoch 2 Step 901 Train Loss: 0.5469
Epoch 2 Step 951 Train Loss: 0.5993
Epoch 2 Step 1001 Train Loss: 0.6067
Epoch 2 Step 1051 Train Loss: 0.6277
Epoch 2 Step 1101 Train Loss: 0.6404
Epoch 2 Step 1151 Train Loss: 0.6363
Epoch 2 Step 1201 Train Loss: 0.5731
Epoch 2 Step 1251 Train Loss: 0.6404
Epoch 2 Step 1301 Train Loss: 0.5985
Epoch 2 Step 1351 Train Loss: 0.6522
Epoch 2 Step 1401 Train Loss: 0.5622
Epoch 2 Step 1451 Train Loss: 0.6035
Epoch 2 Step 1501 Train Loss: 0.6599
Epoch 2 Step 1551 Train Loss: 0.5470
Epoch 2 Step 1601 Train Loss: 0.5735
Epoch 2 Step 1651 Train Loss: 0.5999
Epoch 2 Step 1701 Train Loss: 0.6306
Epoch 2 Step 1751 Train Loss: 0.5898
Epoch 2 Step 1801 Train Loss: 0.5922
Epoch 2 Step 1851 Train Loss: 0.6193
Epoch 2 Step 1901 Train Loss: 0.5347
Epoch 2 Step 1951 Train Loss: 0.5483
Epoch 2 Step 2001 Train Loss: 0.6815
Epoch 2 Step 2051 Train Loss: 0.6105
Epoch 2 Step 2101 Train Loss: 0.5978
Epoch 2 Step 2151 Train Loss: 0.5977
Epoch 2 Step 2201 Train Loss: 0.5798
Epoch 2 Step 2251 Train Loss: 0.5574
Epoch 2 Step 2301 Train Loss: 0.6172
Epoch 2 Step 2351 Train Loss: 0.6020
Epoch 2 Step 2401 Train Loss: 0.5954
Epoch 2 Step 2451 Train Loss: 0.6269
Epoch 2 Step 2501 Train Loss: 0.4770
Epoch 2 Step 2551 Train Loss: 0.5864
Epoch 2 Step 2601 Train Loss: 0.5913
Epoch 2 Step 2651 Train Loss: 0.5789
Epoch 2 Step 2701 Train Loss: 0.6692
Epoch 2 Step 2751 Train Loss: 0.6562
Epoch 2 Step 2801 Train Loss: 0.6285
Epoch 2 Step 2851 Train Loss: 0.5939
Epoch 2 Step 2901 Train Loss: 0.5980
Epoch 2 Step 2951 Train Loss: 0.6441
Epoch 2 Step 3001 Train Loss: 0.5369
Epoch 2 Step 3051 Train Loss: 0.5967
Epoch 2 Step 3101 Train Loss: 0.7316
Epoch 2 Step 3151 Train Loss: 0.5971
Epoch 2 Step 3201 Train Loss: 0.6043
Epoch 2 Step 3251 Train Loss: 0.6357
Epoch 2 Step 3301 Train Loss: 0.5776
Epoch 2 Step 3351 Train Loss: 0.6133
Epoch 2 Step 3401 Train Loss: 0.6349
Epoch 2 Step 3451 Train Loss: 0.5658
Epoch 2 Step 3501 Train Loss: 0.6215
Traceback (most recent call last):
  File "C:\test\llm_project\nexus-science-win\outputs\analysis\run_20\run_20c_k562_rpe1.py", line 167, in main
    gears_model.train(
  File "C:\Users\hgh97\miniconda3\envs\ai_env\Lib\site-packages\gears\gears.py", line 543, in train
    train_res = evaluate(train_loader, self.model,
                ^^^^^^^^^^^^^^^^^^^^^^^^^^^^^^^^^^
  File "C:\Users\hgh97\miniconda3\envs\ai_env\Lib\site-packages\gears\inference.py", line 47, in evaluate
    pred = torch.stack(pred)
           ^^^^^^^^^^^^^^^^^
RuntimeError: [enforce fail at alloc_cpu.cpp:114] data. DefaultCPUAllocator: not enough memory: you tried to allocate 2250880000 bytes.

    [WARN] predict YEATS2+ctrl: ctrl is not in the perturbation graph. Please select from GEARS.pert_list!
    [WARN] predict YEATS4+ctrl: ctrl is not in the perturbation graph. Please select from GEARS.pert_list!
    [WARN] predict YTHDC1+ctrl: ctrl is not in the perturbation graph. Please select from GEARS.pert_list!
    [WARN] predict ZBTB17+ctrl: ctrl is not in the perturbation graph. Please select from GEARS.pert_list!
    [WARN] predict ZC3H18+ctrl: ctrl is not in the perturbation graph. Please select from GEARS.pert_list!
    [WARN] predict ZCCHC9+ctrl: ctrl is not in the perturbation graph. Please select from GEARS.pert_list!
    [WARN] predict ZCRB1+ctrl: ctrl is not in the perturbation graph. Please select from GEARS.pert_list!
    [WARN] predict ZFC3H1+ctrl: ctrl is not in the perturbation graph. Please select from GEARS.pert_list!
    [WARN] predict ZMAT2+ctrl: ctrl is not in the perturbation graph. Please select from GEARS.pert_list!
    [WARN] predict ZMAT5+ctrl: ctrl is not in the perturbation graph. Please select from GEARS.pert_list!
    [WARN] predict ZNF207+ctrl: ctrl is not in the perturbation graph. Please select from GEARS.pert_list!
    [WARN] predict ZNF236+ctrl: ctrl is not in the perturbation graph. Please select from GEARS.pert_list!
    [WARN] predict ZNF335+ctrl: ctrl is not in the perturbation graph. Please select from GEARS.pert_list!
    [WARN] predict ZNF574+ctrl: ctrl is not in the perturbation graph. Please select from GEARS.pert_list!
    [WARN] predict ZNHIT6+ctrl: ctrl is not in the perturbation graph. Please select from GEARS.pert_list!
    [WARN] predict ZNRD1+ctrl: ctrl is not in the perturbation graph. Please select from GEARS.pert_list!
  GEARS predictions: 0/1092 valid
  Saved predictions for K562
  GEARS metrics: R2=-0.027, Dir_deg=0.000, DEG_auprc=0.036
  Computing Ridge baseline metrics...
  K562 completed in 6931.1s

============================================================
Processing RPE1...
  1543 perturbations, 5000 genes
  Training GEARS model...
here1
  [ERROR] GEARS training failed: [enforce fail at alloc_cpu.cpp:114] data. DefaultCPUAllocator: not enough memory: you tried to allocate 2250880000 bytes.
  Computing Ridge baseline metrics...
  RPE1 completed in 2558.3s

Total runtime: 9505.0s
